name,total_students,african_american,american_indian_or_alaska_native,asian,filipino,hispanic_or_latino,pacific_islander,white,two _or_more_races,not_reported
Alameda County Office of Education,"3,960",17.10%,0.40%,12.20%,1.30%,48.10%,1.00%,10.10%,8.60%,1.20%
Alameda Unified,"10,927",6.50%,0.30%,25.30%,5.50%,18.20%,0.60%,27.60%,13.20%,2.80%
Albany City Unified,"3,501",3.40%,0.20%,28.80%,1.10%,16.50%,0.10%,28.80%,14.00%,7.20%
Berkeley Unified,"9,409",12.70%,0.30%,8.30%,0.80%,22.10%,0.10%,41.30%,14.10%,0.10%
California School for the Blind (State Special Schl),58,13.80%,0.00%,12.10%,1.70%,51.70%,0.00%,19.00%,0.00%,1.70%
California School for the Deaf-Fremont (State Special Schl),318,5.30%,0.30%,10.40%,3.10%,55.30%,0.30%,20.10%,5.00%,0.00%
Castro Valley Unified,"9,203",4.90%,0.10%,29.50%,4.60%,23.40%,0.40%,24.30%,10.00%,2.80%
Dublin Unified,"12,625",2.90%,0.10%,58.00%,5.00%,9.30%,0.40%,17.00%,7.30%,0.10%
Emery Unified,698,45.10%,0.30%,11.00%,0.90%,24.20%,1.10%,8.60%,8.00%,0.70%
Fremont Unified,"35,187",1.80%,0.30%,65.80%,4.70%,14.20%,0.60%,9.00%,3.00%,0.80%
Hayward Unified,"21,638",7.80%,0.20%,8.40%,7.00%,64.70%,3.20%,4.50%,4.00%,0.40%
Livermore Valley Joint Unified,"13,305",1.20%,0.40%,10.30%,2.90%,32.00%,0.30%,44.10%,8.60%,0.20%
Mountain House Elementary,16,0.00%,0.00%,0.00%,0.00%,75.00%,0.00%,25.00%,0.00%,0.00%
New Haven Unified,"10,812",4.60%,0.60%,25.90%,19.20%,37.30%,1.60%,5.90%,5.00%,0.00%
Newark Unified,"5,507",2.90%,0.30%,16.70%,9.00%,52.10%,1.80%,10.50%,5.20%,1.60%
Oakland Unified,"48,704",21.70%,0.20%,11.50%,0.80%,47.80%,0.80%,9.80%,5.10%,2.20%
Piedmont City Unified,"2,464",1.50%,0.00%,13.30%,0.80%,9.60%,0.00%,56.40%,18.30%,0.10%
Pleasanton Unified,"14,469",1.40%,0.10%,47.50%,1.80%,10.00%,0.20%,33.00%,5.50%,0.60%
San Leandro Unified,"8,828",11.70%,0.20%,17.00%,6.60%,48.60%,1.00%,8.00%,5.30%,1.50%
San Lorenzo Unified,"10,528",8.20%,0.30%,16.10%,6.70%,56.60%,1.60%,6.70%,3.10%,0.70%
SBE - Latitude 37.8 High,143,20.30%,0.70%,2.80%,1.40%,61.50%,0.70%,6.30%,6.30%,0.00%
Sunol Glen Unified,273,1.10%,0.00%,27.10%,1.10%,15.00%,0.70%,44.00%,11.00%,0.00%
Alpine County Unified,73,0.00%,41.10%,1.40%,1.40%,4.10%,0.00%,46.60%,5.50%,0.00%
Amador County Office of Education,25,0.00%,8.00%,0.00%,0.00%,28.00%,0.00%,64.00%,0.00%,0.00%
Amador County Unified,"3,889",0.40%,2.10%,0.40%,0.50%,23.10%,0.20%,65.60%,6.90%,0.80%
Bangor Union Elementary,107,0.00%,1.90%,0.00%,0.00%,21.50%,0.00%,69.20%,6.50%,0.90%
Biggs Unified,563,3.90%,0.70%,1.80%,0.00%,38.00%,0.50%,54.40%,0.70%,0.00%
Butte County Office of Education,"1,265",1.30%,1.50%,1.60%,0.10%,20.20%,0.10%,67.40%,7.40%,0.50%
Chico Unified,"13,909",2.10%,1.20%,4.50%,0.50%,25.60%,0.40%,57.40%,6.20%,2.10%
Durham Unified,991,0.40%,0.60%,0.50%,0.00%,23.50%,0.00%,69.70%,5.10%,0.10%
Golden Feather Union Elementary,62,1.60%,0.00%,0.00%,0.00%,16.10%,0.00%,79.00%,3.20%,0.00%
Gridley Unified,"2,080",0.50%,0.20%,2.50%,0.00%,57.60%,0.10%,34.00%,1.00%,3.90%
Manzanita Elementary,276,0.40%,0.70%,5.10%,0.00%,41.70%,0.40%,46.40%,5.40%,0.00%
Oroville City Elementary,"2,533",3.30%,3.60%,8.80%,0.50%,16.50%,0.20%,51.60%,15.10%,0.40%
Oroville Union High,"2,334",4.10%,7.80%,12.70%,0.60%,21.90%,0.40%,48.30%,3.50%,0.90%
Palermo Union Elementary,"1,278",0.80%,4.10%,3.40%,0.20%,32.90%,0.20%,46.30%,9.50%,2.60%
Paradise Unified,"2,102",0.60%,1.70%,0.50%,0.40%,13.50%,0.00%,76.80%,6.50%,0.10%
Pioneer Union Elementary,52,0.00%,1.90%,0.00%,0.00%,19.20%,0.00%,63.50%,5.80%,9.60%
Thermalito Union Elementary,"1,507",2.10%,3.10%,29.70%,0.60%,13.00%,0.50%,42.70%,7.80%,0.70%
Bret Harte Union High,624,0.80%,1.80%,1.10%,0.20%,22.00%,0.00%,68.40%,5.80%,0.00%
Calaveras County Office of Education,493,1.20%,1.40%,0.20%,0.00%,16.40%,0.60%,73.20%,6.90%,0.00%
Calaveras Unified,"2,685",0.70%,1.60%,0.70%,0.40%,23.10%,0.00%,66.40%,6.50%,0.70%
Mark Twain Union Elementary,690,0.90%,1.90%,0.30%,0.30%,25.40%,0.30%,65.20%,5.70%,0.10%
Vallecito Union,544,0.20%,1.30%,0.60%,0.40%,17.50%,0.40%,73.50%,5.50%,0.70%
Colusa County Office of Education,20,0.00%,0.00%,0.00%,0.00%,85.00%,0.00%,15.00%,0.00%,0.00%
Colusa Unified,"1,529",1.00%,3.20%,1.20%,0.10%,72.50%,0.40%,20.70%,0.90%,0.00%
Maxwell Unified,325,1.50%,1.80%,0.00%,0.00%,56.00%,0.00%,39.40%,0.00%,1.20%
Pierce Joint Unified,"1,443",0.90%,0.10%,1.20%,0.20%,78.30%,0.10%,17.30%,1.30%,0.50%
Williams Unified,"1,338",0.10%,0.10%,1.10%,0.00%,96.20%,0.00%,2.20%,0.20%,0.00%
Acalanes Union High,"5,535",1.60%,0.20%,14.00%,2.20%,10.30%,0.10%,63.70%,7.00%,0.90%
Antioch Unified,"16,599",24.40%,0.60%,4.20%,4.50%,47.60%,1.50%,12.10%,5.10%,0.10%
Brentwood Union Elementary,"9,023",7.30%,0.20%,7.50%,5.90%,32.70%,0.60%,34.20%,7.60%,4.10%
Byron Union Elementary,"2,193",5.70%,1.40%,3.80%,0.60%,28.40%,1.00%,51.80%,6.90%,0.50%
Canyon Elementary,72,0.00%,0.00%,2.80%,0.00%,19.40%,0.00%,62.50%,13.90%,1.40%
Contra Costa County Office of Education,"5,978",10.20%,0.30%,4.90%,3.00%,50.80%,0.60%,21.60%,6.70%,1.90%
John Swett Unified,"1,312",14.60%,0.60%,10.00%,10.60%,37.00%,0.30%,15.20%,10.70%,0.80%
Knightsen Elementary,608,1.30%,0.30%,1.20%,1.50%,39.00%,0.50%,45.60%,6.10%,4.60%
Lafayette Elementary,"3,261",0.70%,0.00%,11.10%,1.10%,9.20%,0.10%,61.50%,12.50%,3.80%
Liberty Union High,"8,222",8.60%,0.60%,4.90%,5.60%,36.80%,0.70%,37.20%,4.80%,0.80%
Martinez Unified,"3,983",2.60%,0.20%,3.50%,3.00%,31.00%,0.40%,46.20%,11.00%,2.00%
Moraga Elementary,"1,769",1.10%,0.30%,15.30%,1.40%,8.80%,0.10%,55.20%,17.50%,0.30%
Mt. Diablo Unified,"29,908",3.10%,0.10%,7.80%,4.40%,43.00%,0.60%,28.30%,7.90%,4.90%
Oakley Union Elementary,"4,939",10.40%,0.60%,3.40%,4.80%,46.40%,0.70%,32.00%,1.10%,0.50%
Orinda Union Elementary,"2,478",1.30%,0.30%,20.30%,1.50%,5.70%,0.00%,60.90%,8.20%,1.90%
Pittsburg Unified,"11,015",15.80%,0.20%,3.20%,5.00%,64.90%,1.20%,4.90%,4.50%,0.40%
San Ramon Valley Unified,"30,726",1.70%,0.30%,40.30%,3.70%,8.90%,0.20%,36.40%,8.40%,0.00%
SBE - John Henry High,292,1.70%,0.00%,0.70%,0.30%,96.90%,0.00%,0.00%,0.00%,0.30%
SBE - Rocketship Futuro Academy,614,3.10%,0.00%,3.90%,1.10%,85.00%,0.70%,2.30%,2.10%,1.80%
Walnut Creek Elementary,"3,467",2.50%,0.30%,15.20%,2.20%,14.90%,0.20%,53.20%,10.20%,1.30%
West Contra Costa Unified,"31,027",13.40%,0.20%,10.00%,4.80%,56.20%,0.50%,10.10%,4.70%,0.20%
Del Norte County Office of Education,429,0.90%,13.50%,0.90%,0.00%,16.60%,0.00%,54.50%,13.50%,0.00%
Del Norte County Unified,"3,818",0.70%,14.40%,4.50%,0.50%,23.00%,0.10%,49.90%,7.00%,0.00%
Black Oak Mine Unified,"1,284",0.60%,2.30%,0.90%,0.40%,10.60%,0.50%,81.70%,3.00%,0.00%
Buckeye Union Elementary,"8,501",1.50%,0.40%,6.00%,1.30%,14.70%,0.20%,67.50%,6.90%,1.40%
Camino Union Elementary,425,0.50%,3.10%,0.00%,0.70%,29.20%,0.20%,61.40%,4.70%,0.20%
El Dorado County Office of Education,"1,717",2.10%,0.70%,4.30%,0.60%,14.30%,0.20%,68.80%,6.90%,2.20%
El Dorado Union High,"6,846",1.00%,0.90%,5.30%,1.40%,17.60%,0.30%,67.60%,5.60%,0.20%
Gold Oak Union Elementary,419,0.70%,0.70%,0.20%,0.20%,12.90%,0.20%,80.70%,4.10%,0.20%
Gold Trail Union Elementary,593,0.70%,1.20%,0.50%,0.00%,11.60%,0.80%,83.30%,1.20%,0.70%
Indian Diggings Elementary,14,0.00%,0.00%,0.00%,0.00%,0.00%,0.00%,100.00%,0.00%,0.00%
Lake Tahoe Unified,"3,725",0.40%,0.30%,1.30%,3.20%,44.50%,0.20%,46.20%,3.20%,0.80%
Latrobe,148,0.00%,2.00%,2.00%,0.70%,12.20%,0.00%,71.60%,9.50%,2.00%
Mother Lode Union Elementary,934,0.70%,2.60%,0.30%,0.20%,32.70%,0.10%,60.50%,2.90%,0.00%
Pioneer Union Elementary,281,0.40%,1.10%,1.10%,1.10%,13.20%,0.00%,69.00%,13.50%,0.70%
Placerville Union Elementary,"1,216",0.20%,0.80%,0.40%,0.10%,29.60%,0.00%,61.60%,7.00%,0.30%
Pollock Pines Elementary,584,0.90%,2.10%,0.50%,0.30%,16.80%,0.20%,73.10%,6.20%,0.00%
Rescue Union Elementary,"3,426",0.90%,0.30%,5.70%,1.80%,16.70%,0.30%,69.90%,4.50%,0.00%
Silver Fork Elementary,18,0.00%,5.60%,0.00%,0.00%,5.60%,0.00%,88.90%,0.00%,0.00%
Alvina Elementary,185,0.00%,0.00%,1.60%,0.00%,85.90%,0.00%,12.40%,0.00%,0.00%
Big Creek Elementary,51,0.00%,2.00%,0.00%,0.00%,23.50%,0.00%,62.70%,11.80%,0.00%
Burrel Union Elementary,133,0.00%,0.00%,1.50%,0.00%,94.70%,0.00%,3.80%,0.00%,0.00%
Caruthers Unified,"1,568",0.30%,0.50%,3.80%,0.00%,85.30%,0.20%,9.20%,0.70%,0.00%
Central Unified,"15,742",8.40%,0.40%,15.00%,0.90%,60.70%,0.20%,12.70%,1.70%,0.00%
Clay Joint Elementary,215,0.00%,0.00%,2.30%,0.00%,30.70%,0.50%,63.30%,1.90%,1.40%
Clovis Unified,"42,790",3.20%,0.60%,14.80%,2.20%,39.20%,0.30%,36.20%,3.50%,0.00%
Coalinga-Huron Unified,"4,405",1.00%,0.30%,1.50%,0.40%,81.80%,0.00%,9.30%,0.80%,4.80%
Firebaugh-Las Deltas Unified,"2,178",0.00%,0.00%,0.20%,0.00%,96.30%,0.20%,3.20%,0.00%,0.00%
Fowler Unified,"2,582",0.70%,0.30%,9.00%,0.00%,81.00%,0.00%,8.10%,0.80%,0.00%
Fresno County Office of Education,"4,333",10.20%,0.80%,3.30%,0.30%,67.60%,0.10%,12.80%,2.50%,2.50%
Fresno Unified,"72,419",8.00%,0.60%,10.70%,0.40%,68.70%,0.40%,8.80%,2.50%,0.00%
Golden Plains Unified,"1,520",0.70%,0.10%,0.50%,0.00%,97.30%,0.00%,0.10%,0.00%,1.30%
Kerman Unified,"5,230",0.50%,0.40%,4.40%,0.00%,87.20%,0.00%,7.10%,0.40%,0.00%
Kings Canyon Joint Unified,"9,634",0.20%,0.30%,0.60%,0.50%,89.10%,0.00%,8.20%,1.00%,0.00%
Kingsburg Elementary Charter,"2,116",0.20%,0.20%,2.20%,0.00%,65.90%,0.00%,27.60%,3.20%,0.60%
Kingsburg Joint Union High,"1,191",0.10%,0.30%,2.40%,0.20%,61.80%,0.00%,33.40%,1.80%,0.00%
Laton Joint Unified,633,1.90%,0.00%,0.00%,0.00%,85.00%,0.00%,10.00%,0.00%,3.20%
Mendota Unified,"3,668",0.10%,0.00%,0.70%,0.00%,97.50%,0.00%,1.50%,0.10%,0.20%
Monroe Elementary,152,0.00%,0.00%,0.70%,0.00%,94.70%,0.00%,3.90%,0.70%,0.00%
Orange Center,"1,481",7.20%,1.40%,5.50%,0.50%,59.50%,0.10%,23.80%,1.80%,0.30%
Pacific Union Elementary,354,0.30%,0.00%,3.40%,0.00%,87.30%,0.00%,8.80%,0.00%,0.30%
Parlier Unified,"3,416",0.10%,0.40%,0.10%,0.00%,98.20%,0.00%,0.80%,0.00%,0.30%
Pine Ridge Elementary,90,2.20%,0.00%,2.20%,0.00%,17.80%,0.00%,77.80%,0.00%,0.00%
Raisin City Elementary,529,7.40%,0.40%,2.50%,0.00%,82.20%,0.00%,3.80%,0.90%,2.80%
Riverdale Joint Unified,"1,488",0.60%,0.30%,0.50%,0.00%,87.20%,0.00%,11.40%,0.10%,0.00%
Sanger Unified,"12,625",1.10%,0.20%,12.00%,0.40%,69.50%,0.20%,12.30%,2.70%,1.70%
Selma Unified,"6,050",0.20%,0.20%,3.30%,0.00%,91.20%,0.10%,4.70%,0.20%,0.00%
Sierra Unified,"1,204",0.80%,14.40%,0.60%,0.60%,18.70%,0.00%,61.00%,3.70%,0.20%
Washington Colony Elementary,446,1.30%,0.70%,1.80%,0.00%,89.70%,0.00%,5.60%,0.90%,0.00%
Washington Unified,"2,894",7.70%,0.40%,7.00%,0.10%,78.00%,0.10%,5.60%,0.60%,0.50%
West Park Elementary,635,1.70%,0.20%,6.10%,0.50%,79.40%,0.00%,10.40%,1.10%,0.60%
Westside Elementary,"3,523",3.60%,0.70%,2.00%,0.60%,47.10%,0.30%,39.30%,4.50%,2.00%
Capay Joint Union Elementary,179,0.00%,0.00%,0.00%,0.00%,37.40%,0.00%,60.90%,1.10%,0.60%
Glenn County Office of Education,537,0.40%,2.40%,1.10%,0.00%,40.20%,0.00%,50.30%,4.10%,1.50%
Hamilton Unified,709,0.10%,0.40%,1.00%,0.00%,86.90%,0.00%,7.60%,0.60%,3.40%
Lake Elementary,637,0.90%,1.60%,1.10%,0.20%,16.60%,0.20%,72.80%,5.50%,1.10%
Orland Joint Unified,"2,244",0.40%,0.90%,2.00%,0.20%,66.20%,0.00%,29.10%,0.90%,0.10%
Plaza Elementary,182,0.00%,1.10%,0.50%,0.00%,39.00%,0.00%,53.80%,4.40%,1.10%
Princeton Joint Unified,141,0.00%,3.50%,0.00%,0.00%,57.40%,0.00%,35.50%,3.50%,0.00%
Stony Creek Joint Unified,81,0.00%,39.50%,0.00%,0.00%,16.00%,0.00%,40.70%,3.70%,0.00%
Willows Unified,"1,363",0.90%,2.10%,4.40%,0.10%,52.50%,0.20%,36.90%,2.10%,0.70%
Arcata Elementary,"1,137",1.60%,2.30%,1.70%,0.20%,15.60%,0.20%,64.90%,12.50%,1.10%
Big Lagoon Union Elementary,24,0.00%,41.70%,0.00%,0.00%,16.70%,0.00%,41.70%,0.00%,0.00%
Blue Lake Union Elementary,179,1.70%,5.00%,1.70%,0.00%,14.50%,0.60%,48.60%,17.90%,10.10%
Bridgeville Elementary,43,0.00%,4.70%,0.00%,0.00%,9.30%,0.00%,69.80%,16.30%,0.00%
Cuddeback Union Elementary,133,0.00%,5.30%,0.00%,0.00%,17.30%,0.00%,65.40%,10.50%,1.50%
Cutten Elementary,582,0.30%,4.50%,3.30%,0.20%,13.70%,0.20%,61.70%,16.20%,0.00%
Eureka City Schools,"3,716",1.90%,5.70%,11.40%,0.50%,24.10%,1.40%,44.20%,10.70%,0.10%
Ferndale Unified,454,0.40%,5.50%,0.40%,0.00%,20.90%,0.00%,70.30%,2.00%,0.40%
Fieldbrook Elementary,116,1.70%,7.80%,0.90%,0.90%,3.40%,0.00%,75.00%,8.60%,1.70%
Fortuna Elementary,"1,249",0.30%,3.40%,0.40%,0.20%,36.30%,0.00%,52.10%,6.90%,0.40%
Fortuna Union High,"1,138",0.40%,4.40%,1.10%,0.20%,27.00%,0.10%,60.20%,6.40%,0.30%
Freshwater Elementary,323,0.30%,3.40%,0.30%,0.00%,14.20%,0.30%,73.70%,7.70%,0.00%
Garfield Elementary,58,0.00%,0.00%,0.00%,0.00%,5.20%,0.00%,87.90%,6.90%,0.00%
Green Point Elementary,10,0.00%,0.00%,0.00%,0.00%,20.00%,0.00%,80.00%,0.00%,0.00%
Humboldt County Office of Education,946,1.50%,4.40%,1.50%,0.00%,14.70%,0.20%,65.80%,9.50%,2.40%
Hydesville Elementary,175,1.10%,0.00%,0.00%,0.00%,12.00%,0.00%,75.40%,11.40%,0.00%
Jacoby Creek Elementary,454,0.70%,1.10%,2.00%,0.40%,13.40%,0.00%,73.80%,8.60%,0.00%
Klamath-Trinity Joint Unified,990,0.50%,77.70%,0.00%,0.00%,6.70%,0.50%,11.30%,2.50%,0.80%
Kneeland Elementary,26,0.00%,0.00%,0.00%,0.00%,3.80%,0.00%,92.30%,3.80%,0.00%
Loleta Union Elementary,97,3.10%,35.10%,1.00%,0.00%,36.10%,0.00%,19.60%,4.10%,1.00%
Maple Creek Elementary,11,9.10%,18.20%,0.00%,0.00%,9.10%,0.00%,27.30%,36.40%,0.00%
Mattole Unified,45,0.00%,2.20%,0.00%,0.00%,13.30%,0.00%,68.90%,13.30%,2.20%
McKinleyville Union Elementary,971,1.00%,9.10%,1.60%,0.30%,14.20%,0.20%,58.20%,12.00%,3.30%
Northern Humboldt Union High,"1,824",0.90%,4.90%,1.50%,0.10%,13.90%,0.50%,66.50%,9.10%,2.60%
Orick Elementary,21,0.00%,0.00%,0.00%,0.00%,9.50%,0.00%,66.70%,23.80%,0.00%
Pacific Union Elementary,589,1.00%,3.10%,1.00%,0.00%,24.10%,53.30%,4.60%,12.20%,0.70%
Peninsula Union,33,6.10%,3.00%,0.00%,0.00%,12.10%,0.00%,57.60%,18.20%,3.00%
Rio Dell Elementary,299,1.00%,1.70%,0.70%,0.00%,19.40%,0.00%,70.60%,6.00%,0.70%
Scotia Union Elementary,188,0.00%,3.20%,0.00%,0.00%,14.90%,0.00%,68.60%,13.30%,0.00%
South Bay Union Elementary,954,1.50%,3.60%,1.70%,0.30%,19.20%,0.10%,61.40%,11.30%,0.90%
Southern Humboldt Joint Unified,666,1.20%,2.60%,0.90%,0.00%,20.40%,0.80%,67.60%,5.40%,1.20%
Trinidad Union Elementary,185,0.00%,5.40%,0.50%,1.10%,9.20%,0.50%,68.10%,14.60%,0.50%
Brawley Elementary,"3,898",0.80%,0.10%,0.20%,0.10%,95.50%,0.00%,2.80%,0.20%,0.40%
Brawley Union High,"2,019",0.90%,0.00%,0.40%,0.30%,93.70%,0.00%,4.30%,0.30%,0.00%
Calexico Unified,"8,721",0.10%,0.00%,0.20%,0.00%,99.10%,0.00%,0.40%,0.00%,0.20%
Calipatria Unified,"1,127",2.00%,0.00%,0.10%,0.40%,89.50%,0.00%,7.30%,0.70%,0.00%
Central Union High,"4,140",0.60%,0.20%,0.60%,0.10%,95.30%,0.00%,2.90%,0.20%,0.10%
El Centro Elementary,"5,537",0.90%,0.10%,0.40%,0.10%,95.20%,0.00%,2.30%,0.40%,0.60%
Heber Elementary,"1,181",0.10%,0.00%,0.00%,0.10%,98.50%,0.00%,1.30%,0.00%,0.10%
Holtville Unified,"1,612",0.20%,0.10%,0.00%,0.10%,86.80%,0.10%,11.70%,0.90%,0.10%
Imperial County Office of Education,725,1.00%,0.10%,0.30%,0.10%,94.20%,0.00%,3.60%,0.40%,0.30%
Imperial Unified,"4,335",1.00%,0.00%,0.70%,0.80%,86.60%,0.00%,9.60%,0.70%,0.60%
Magnolia Union Elementary,134,0.70%,0.00%,0.70%,1.50%,50.70%,0.00%,46.30%,0.00%,0.00%
McCabe Union Elementary,"1,312",0.40%,0.10%,2.20%,0.20%,86.10%,0.00%,10.10%,0.50%,0.50%
Meadows Union Elementary,417,0.70%,0.00%,0.00%,0.00%,90.40%,0.50%,7.20%,1.20%,0.00%
Mulberry Elementary,78,3.80%,0.00%,0.00%,0.00%,65.40%,0.00%,28.20%,1.30%,1.30%
San Pasqual Valley Unified,609,0.70%,49.90%,0.00%,0.00%,43.00%,0.00%,1.80%,4.40%,0.20%
Seeley Union Elementary,393,2.50%,0.80%,0.00%,0.30%,90.30%,0.50%,5.30%,0.30%,0.00%
Westmorland Union Elementary,369,1.90%,0.00%,0.30%,0.00%,95.70%,0.00%,2.20%,0.00%,0.00%
Big Pine Unified,155,0.00%,35.50%,0.60%,0.00%,28.40%,0.00%,23.20%,12.30%,0.00%
Bishop Unified,"1,969",0.40%,15.70%,0.80%,0.10%,39.50%,0.10%,35.70%,6.80%,1.00%
Death Valley Unified,20,10.00%,0.00%,0.00%,0.00%,45.00%,0.00%,25.00%,10.00%,10.00%
Inyo County Office of Education,"1,467",16.40%,0.60%,0.30%,0.00%,78.20%,0.20%,2.00%,1.00%,1.40%
Lone Pine Unified,324,1.20%,11.10%,1.50%,0.30%,56.50%,0.00%,20.70%,8.60%,0.00%
Owens Valley Unified,63,0.00%,15.90%,0.00%,0.00%,49.20%,0.00%,28.60%,3.20%,3.20%
Round Valley Joint Elementary,61,0.00%,9.80%,1.60%,0.00%,18.00%,3.30%,50.80%,8.20%,8.20%
Arvin Union,"3,024",0.90%,0.10%,0.20%,0.20%,95.90%,0.00%,2.50%,0.00%,0.10%
Bakersfield City,"29,307",7.90%,0.50%,0.80%,0.40%,80.20%,0.10%,8.70%,1.50%,0.00%
Beardsley Elementary,"1,857",5.10%,0.50%,0.30%,0.30%,47.90%,0.10%,42.90%,2.50%,0.50%
Belridge Elementary,25,0.00%,0.00%,0.00%,0.00%,100.00%,0.00%,0.00%,0.00%,0.00%
Blake Elementary,22,0.00%,0.00%,0.00%,0.00%,36.40%,0.00%,63.60%,0.00%,0.00%
Buttonwillow Union Elementary,308,2.30%,0.60%,0.60%,0.00%,89.30%,0.00%,7.10%,0.00%,0.00%
Caliente Union Elementary,51,2.00%,3.90%,0.00%,0.00%,25.50%,0.00%,66.70%,2.00%,0.00%
Delano Joint Union High,"4,222",0.40%,0.10%,0.80%,9.00%,87.80%,0.10%,1.50%,0.30%,0.00%
Delano Union Elementary,"6,392",0.40%,0.20%,0.80%,9.00%,87.00%,0.00%,1.20%,0.60%,0.70%
Di Giorgio Elementary,199,0.00%,0.00%,0.00%,0.00%,97.00%,0.00%,2.50%,0.50%,0.00%
Edison Elementary,"1,012",2.50%,1.20%,0.40%,0.00%,82.70%,0.00%,9.20%,1.60%,2.50%
El Tejon Unified,699,0.60%,1.00%,0.60%,0.70%,44.60%,0.10%,48.50%,2.40%,1.40%
Elk Hills Elementary,171,0.60%,0.00%,0.00%,0.00%,8.20%,0.00%,89.50%,1.80%,0.00%
Fairfax Elementary,"2,703",2.80%,0.20%,1.60%,0.20%,89.20%,0.00%,4.30%,0.90%,0.90%
Fruitvale Elementary,"3,055",4.10%,1.40%,2.70%,3.20%,43.10%,0.30%,42.30%,2.90%,0.00%
General Shafter Elementary,178,0.00%,0.00%,0.00%,0.00%,80.90%,0.00%,19.10%,0.00%,0.00%
Greenfield Union,"9,334",6.00%,0.20%,1.80%,0.40%,85.40%,0.10%,5.00%,1.00%,0.10%
Kern County Office of Education,"5,586",3.10%,0.40%,1.20%,0.90%,73.70%,0.10%,18.60%,1.50%,0.40%
Kern High,"42,370",5.60%,0.60%,2.90%,1.20%,69.00%,0.30%,18.50%,1.10%,0.80%
Kernville Union Elementary,812,1.10%,2.50%,0.70%,0.50%,23.60%,0.00%,69.70%,1.70%,0.10%
Lakeside Union,"1,447",5.30%,0.40%,5.40%,1.20%,64.30%,0.10%,17.10%,3.60%,2.60%
Lamont Elementary,"2,849",0.10%,0.00%,0.30%,0.00%,98.90%,0.00%,0.70%,0.00%,0.00%
Linns Valley-Poso Flat Union,15,0.00%,6.70%,0.00%,0.00%,20.00%,0.00%,73.30%,0.00%,0.00%
Lost Hills Union Elementary,288,0.00%,0.00%,0.00%,0.00%,97.90%,0.00%,2.10%,0.00%,0.00%
Maple Elementary,288,0.70%,0.70%,0.00%,0.00%,69.10%,0.00%,29.50%,0.00%,0.00%
Maricopa Unified,"13,351",5.10%,0.40%,3.10%,1.00%,30.90%,0.20%,49.50%,7.50%,2.20%
McFarland Unified,"3,445",0.20%,0.00%,0.50%,0.30%,97.80%,0.00%,1.20%,0.00%,0.00%
McKittrick Elementary,67,4.50%,0.00%,1.50%,0.00%,20.90%,0.00%,71.60%,1.50%,0.00%
Midway Elementary,72,0.00%,1.40%,0.00%,0.00%,19.40%,0.00%,76.40%,2.80%,0.00%
Mojave Unified,"2,869",30.60%,0.30%,0.70%,0.20%,47.60%,0.30%,14.60%,5.20%,0.30%
Muroc Joint Unified,"1,687",7.90%,0.40%,0.90%,1.70%,31.20%,1.00%,43.10%,13.10%,0.70%
Norris Elementary,"3,916",1.50%,0.80%,3.30%,2.80%,33.70%,0.10%,52.90%,4.50%,0.50%
Panama-Buena Vista Union,"18,262",8.60%,0.40%,9.30%,0.60%,59.50%,0.50%,17.20%,2.00%,1.90%
Pond Union Elementary,164,0.00%,0.00%,1.20%,0.60%,93.90%,0.00%,2.40%,1.20%,0.60%
Richland Union Elementary,"3,389",0.40%,0.00%,1.50%,0.00%,91.00%,0.10%,6.90%,0.00%,0.10%
Rio Bravo-Greeley Union Elementary,992,0.60%,0.40%,1.20%,0.50%,47.30%,0.40%,48.20%,1.40%,0.00%
Rosedale Union Elementary,"5,762",2.80%,0.60%,3.30%,2.00%,37.50%,0.20%,51.50%,2.00%,0.00%
Semitropic Elementary,170,3.50%,0.00%,0.00%,0.00%,93.50%,0.00%,2.40%,0.00%,0.60%
Sierra Sands Unified,"4,950",5.20%,1.20%,2.50%,1.80%,30.40%,0.60%,54.20%,3.90%,0.10%
South Fork Union,291,0.00%,2.70%,1.00%,0.00%,16.20%,0.00%,71.50%,6.50%,2.10%
Southern Kern Unified,"3,366",8.90%,0.40%,0.80%,0.70%,59.50%,0.20%,24.90%,3.90%,0.60%
Standard Elementary,"2,913",3.00%,1.00%,0.40%,0.20%,36.00%,0.20%,57.10%,2.20%,0.00%
Taft City,"2,322",0.80%,0.20%,0.50%,0.30%,64.40%,0.30%,31.50%,0.30%,1.70%
Taft Union High,"1,095",0.60%,0.40%,0.30%,0.30%,56.10%,0.20%,40.80%,0.80%,0.50%
Tehachapi Unified,"3,971",1.60%,0.50%,1.10%,0.30%,35.90%,0.20%,58.20%,2.10%,0.10%
Vineland Elementary,666,0.00%,0.00%,0.00%,0.00%,98.90%,0.00%,1.10%,0.00%,0.00%
Wasco Union Elementary,"3,455",1.50%,0.10%,0.90%,0.00%,94.40%,0.00%,2.80%,0.20%,0.20%
Wasco Union High,"1,921",1.20%,0.00%,0.20%,0.10%,94.30%,0.00%,4.20%,0.00%,0.10%
Armona Union Elementary,"1,739",3.10%,0.60%,1.20%,1.00%,70.30%,0.30%,21.10%,2.30%,0.10%
Central Union Elementary,"1,783",7.10%,4.80%,0.80%,3.40%,41.60%,0.70%,29.70%,11.80%,0.10%
Corcoran Joint Unified,"3,257",2.50%,0.20%,0.40%,0.30%,91.70%,0.10%,4.60%,0.10%,0.10%
Hanford Elementary,"5,690",4.70%,0.50%,0.80%,0.70%,76.40%,0.10%,13.60%,3.00%,0.10%
Hanford Joint Union High,"4,056",3.30%,0.40%,1.30%,1.50%,69.40%,0.20%,20.40%,3.00%,0.50%
Island Union Elementary,398,0.30%,0.30%,0.00%,0.30%,35.40%,0.00%,60.30%,3.50%,0.00%
Kings County Office of Education,326,5.50%,2.80%,0.30%,2.50%,68.10%,0.00%,18.10%,2.80%,0.00%
Kings River-Hardwick Union Elementary,794,0.50%,0.10%,0.50%,0.80%,42.70%,0.00%,51.30%,3.80%,0.40%
Kit Carson Union Elementary,"1,539",1.90%,0.80%,0.20%,0.30%,75.20%,0.40%,18.00%,2.30%,0.80%
Lakeside Union Elementary,266,4.90%,0.00%,1.90%,0.40%,84.20%,0.00%,5.30%,3.40%,0.00%
Lemoore Union Elementary,"3,227",3.50%,1.30%,1.10%,3.70%,65.10%,0.30%,20.00%,5.00%,0.00%
Lemoore Union High,"2,341",3.90%,2.70%,0.90%,3.90%,58.90%,0.60%,23.70%,5.40%,0.00%
Pioneer Union Elementary,"1,540",3.40%,0.60%,3.30%,2.80%,54.40%,0.30%,31.40%,3.80%,0.00%
Reef-Sunset Unified,"2,728",0.00%,0.10%,0.50%,0.00%,97.10%,0.10%,2.10%,0.00%,0.00%
Kelseyville Unified,"1,745",0.60%,2.60%,0.10%,0.50%,44.10%,0.00%,45.70%,6.10%,0.30%
Konocti Unified,"3,603",2.40%,2.60%,0.30%,0.20%,48.70%,0.00%,37.50%,7.00%,1.10%
Lake County Office of Education,23,0.00%,4.30%,0.00%,0.00%,21.70%,0.00%,52.20%,8.70%,13.00%
Lakeport Unified,"1,388",1.40%,10.70%,1.90%,0.90%,35.30%,0.10%,43.20%,4.80%,1.70%
Lucerne Elementary,274,2.20%,3.60%,0.00%,0.00%,29.60%,0.00%,57.70%,6.90%,0.00%
Middletown Unified,"1,655",0.60%,1.10%,0.50%,0.40%,27.50%,0.20%,62.80%,6.90%,0.00%
Upper Lake Unified,852,0.70%,7.30%,1.20%,0.10%,33.00%,0.00%,52.70%,4.60%,0.50%
Big Valley Joint Unified,117,0.00%,4.30%,0.00%,0.00%,17.10%,0.00%,76.90%,0.00%,1.70%
Fort Sage Unified,505,2.40%,1.80%,0.20%,0.00%,16.40%,0.20%,72.70%,5.90%,0.40%
Janesville Union Elementary,386,0.00%,2.30%,0.80%,0.50%,14.00%,0.00%,74.90%,7.30%,0.30%
Johnstonville Elementary,178,0.00%,1.70%,1.10%,0.60%,23.60%,0.00%,69.10%,3.90%,0.00%
Lassen County Office of Education,10,0.00%,0.00%,0.00%,0.00%,20.00%,0.00%,80.00%,0.00%,0.00%
Lassen Union High,822,1.20%,4.40%,0.70%,0.70%,20.80%,1.70%,61.80%,7.10%,1.60%
Ravendale-Termo Elementary,12,0.00%,8.30%,0.00%,0.00%,16.70%,0.00%,58.30%,16.70%,0.00%
Richmond Elementary,211,0.00%,1.40%,0.00%,0.00%,9.00%,0.50%,83.40%,5.20%,0.50%
Shaffer Union Elementary,187,2.70%,3.70%,1.10%,0.50%,27.80%,1.10%,61.00%,2.10%,0.00%
Susanville Elementary,"1,220",1.10%,4.50%,1.40%,0.70%,22.50%,3.80%,57.50%,8.10%,0.30%
Westwood Unified,189,2.10%,9.50%,0.00%,0.00%,18.00%,0.00%,68.80%,1.60%,0.00%
ABC Unified,"19,540",7.80%,0.30%,23.70%,11.70%,45.50%,0.60%,5.40%,3.40%,1.80%
Acton-Agua Dulce Unified,"12,532",7.30%,0.40%,2.30%,0.60%,54.30%,0.20%,27.10%,5.60%,2.30%
Alhambra Unified,"15,747",0.60%,0.10%,50.10%,2.40%,40.90%,0.10%,2.10%,2.70%,1.10%
Antelope Valley Union High,"22,792",16.40%,0.20%,1.20%,1.40%,64.80%,0.10%,11.10%,4.70%,0.10%
Arcadia Unified,"8,946",1.70%,0.10%,64.70%,3.20%,16.10%,0.10%,10.70%,2.70%,0.70%
Azusa Unified,"7,330",1.00%,0.10%,1.40%,1.30%,92.20%,0.00%,2.90%,0.50%,0.60%
Baldwin Park Unified,"14,730",3.60%,0.20%,5.30%,1.40%,84.50%,0.20%,3.10%,0.80%,0.90%
Bassett Unified,"3,215",0.60%,0.10%,4.00%,1.40%,93.00%,0.00%,0.80%,0.00%,0.00%
Bellflower Unified,"10,723",12.50%,0.40%,3.80%,4.40%,66.20%,1.00%,8.30%,2.90%,0.60%
Beverly Hills Unified,"3,313",2.50%,0.20%,11.40%,0.60%,8.60%,0.20%,68.90%,5.40%,2.20%
Bonita Unified,"9,669",2.40%,0.10%,6.60%,2.30%,54.60%,0.10%,24.50%,6.20%,3.10%
Burbank Unified,"14,704",2.50%,0.20%,5.60%,3.60%,32.90%,0.10%,47.50%,5.30%,2.30%
Castaic Union,"1,860",2.00%,0.00%,3.60%,3.50%,47.00%,0.10%,38.70%,5.20%,0.00%
Centinela Valley Union High,"6,657",14.70%,0.20%,2.30%,0.80%,76.70%,0.80%,1.80%,2.50%,0.30%
Charter Oak Unified,"4,522",2.50%,0.50%,4.90%,2.60%,71.10%,0.10%,15.00%,3.10%,0.00%
Claremont Unified,"6,744",4.40%,0.20%,10.40%,1.60%,44.10%,0.10%,31.30%,6.20%,1.60%
Compton Unified,"22,117",19.30%,0.20%,0.10%,0.00%,78.30%,0.50%,0.20%,0.40%,1.00%
Covina-Valley Unified,"11,332",2.70%,0.30%,6.90%,3.00%,78.80%,0.20%,6.90%,1.20%,0.20%
Culver City Unified,"7,076",11.60%,0.10%,10.60%,1.50%,37.10%,0.30%,25.80%,12.00%,0.90%
Downey Unified,"22,216",2.90%,0.10%,1.80%,0.80%,89.00%,0.20%,4.50%,0.70%,0.00%
Duarte Unified,"5,317",5.00%,0.10%,5.80%,2.90%,67.20%,0.20%,12.50%,3.60%,2.70%
East Whittier City Elementary,"8,230",0.90%,0.10%,1.50%,1.00%,83.80%,0.10%,9.50%,1.60%,1.60%
Eastside Union Elementary,"3,167",22.70%,0.20%,0.30%,1.20%,66.00%,0.30%,6.30%,2.90%,0.10%
El Monte City,"7,589",0.50%,0.00%,17.90%,0.60%,79.80%,0.10%,0.90%,0.20%,0.00%
El Monte Union High,"8,358",0.30%,0.00%,19.60%,0.60%,78.10%,0.00%,1.10%,0.20%,0.20%
El Rancho Unified,"7,985",0.50%,0.00%,0.40%,0.40%,97.40%,0.10%,1.00%,0.30%,0.00%
El Segundo Unified,"3,448",3.90%,0.20%,7.60%,1.50%,22.40%,0.30%,48.40%,15.60%,0.00%
Garvey Elementary,"4,431",0.40%,0.10%,59.00%,1.30%,36.00%,0.10%,1.10%,1.20%,0.90%
Glendale Unified,"24,924",1.10%,0.10%,11.30%,4.50%,20.00%,0.10%,59.30%,3.50%,0.00%
Glendora Unified,"6,833",1.20%,0.20%,10.40%,2.30%,45.60%,0.10%,34.60%,5.50%,0.00%
Gorman Joint,"1,301",7.80%,0.50%,2.20%,1.40%,42.70%,0.20%,35.50%,7.00%,2.80%
Hacienda la Puente Unified,"17,329",0.80%,0.10%,16.50%,1.80%,76.80%,0.20%,2.70%,0.30%,0.80%
Hawthorne,"7,581",20.10%,0.40%,2.30%,1.40%,71.60%,1.10%,2.10%,0.60%,0.40%
Hermosa Beach City Elementary,"1,198",1.40%,0.40%,5.70%,0.20%,12.80%,0.50%,67.10%,11.80%,0.20%
Hughes-Elizabeth Lakes Union Elementary,178,1.10%,0.00%,0.00%,0.00%,28.10%,0.00%,68.50%,2.20%,0.00%
Inglewood Unified,"9,683",37.60%,0.60%,0.50%,0.20%,58.90%,0.50%,0.50%,0.80%,0.50%
Keppel Union Elementary,"2,846",3.70%,0.20%,0.60%,0.20%,79.80%,0.10%,13.70%,1.60%,0.20%
La Canada Unified,"3,988",0.60%,0.10%,30.50%,2.00%,11.50%,0.00%,44.60%,10.40%,0.50%
Lancaster Elementary,"14,743",28.30%,0.50%,0.80%,1.20%,54.40%,0.20%,9.80%,4.70%,0.20%
Las Virgenes Unified,"10,248",1.90%,0.50%,6.40%,0.90%,12.70%,0.10%,70.70%,5.70%,1.10%
Lawndale Elementary,"5,470",9.90%,0.00%,4.70%,0.70%,76.30%,0.70%,4.40%,1.70%,1.60%
Lennox,"6,427",1.00%,0.10%,0.30%,0.10%,94.30%,0.20%,0.50%,0.00%,3.50%
Little Lake City Elementary,"4,079",1.40%,0.10%,2.00%,1.60%,89.80%,0.20%,3.60%,1.10%,0.20%
Long Beach Unified,"69,708",12.60%,0.20%,7.40%,3.20%,58.20%,1.20%,12.50%,4.30%,0.50%
Los Angeles County Office of Education,"8,639",11.90%,0.10%,2.20%,1.50%,71.30%,0.20%,9.40%,2.40%,1.10%
Los Angeles Unified,"574,996",7.60%,0.20%,3.60%,1.90%,74.20%,0.20%,10.20%,1.60%,0.50%
Los Nietos,"1,379",1.20%,0.10%,0.80%,0.30%,96.20%,0.10%,1.20%,0.10%,0.00%
Lowell Joint,"3,139",1.20%,0.10%,4.60%,1.60%,68.40%,0.30%,20.40%,1.80%,1.60%
Lynwood Unified,"12,791",4.70%,0.10%,0.20%,0.00%,94.00%,0.20%,0.60%,0.10%,0.00%
Manhattan Beach Unified,"6,030",1.10%,0.10%,10.80%,1.20%,12.40%,0.10%,59.80%,13.80%,0.60%
Monrovia Unified,"5,247",4.70%,0.20%,6.30%,2.60%,64.50%,0.10%,17.40%,4.30%,0.00%
Montebello Unified,"23,092",0.30%,0.20%,2.00%,0.40%,95.30%,0.10%,1.10%,0.20%,0.50%
Mountain View Elementary,"5,788",0.30%,0.10%,5.10%,0.30%,93.60%,0.00%,0.40%,0.10%,0.10%
Newhall,"5,920",2.00%,0.30%,9.60%,3.50%,49.10%,0.10%,29.60%,5.50%,0.30%
Norwalk-La Mirada Unified,"16,209",2.30%,0.20%,4.30%,2.80%,79.70%,0.40%,7.10%,1.90%,1.20%
Palmdale Elementary,"21,396",13.60%,0.60%,0.50%,0.70%,77.10%,0.20%,5.20%,1.80%,0.20%
Palos Verdes Peninsula Unified,"10,503",2.00%,0.20%,27.90%,2.10%,14.10%,0.20%,42.70%,9.70%,1.20%
Paramount Unified,"13,761",7.70%,0.10%,0.80%,0.40%,88.30%,0.60%,1.00%,0.90%,0.10%
Pasadena Unified,"16,761",11.10%,0.20%,5.40%,1.90%,57.80%,0.20%,19.10%,3.70%,0.50%
Pomona Unified,"22,388",4.00%,0.20%,3.60%,1.00%,86.50%,0.20%,2.90%,0.90%,0.70%
Redondo Beach Unified,"9,803",3.10%,0.30%,10.70%,1.80%,24.20%,0.10%,44.60%,14.80%,0.40%
Rosemead Elementary,"2,341",0.30%,0.00%,54.80%,1.40%,36.30%,0.00%,1.60%,0.40%,5.20%
Rowland Unified,"13,801",2.70%,0.10%,20.10%,6.70%,64.10%,0.30%,3.70%,1.60%,0.70%
San Gabriel Unified,"5,366",1.40%,0.10%,46.30%,1.90%,40.70%,0.20%,5.10%,2.30%,1.90%
San Marino Unified,"2,821",0.70%,0.20%,58.60%,1.90%,4.00%,0.10%,22.70%,11.30%,0.60%
Santa Monica-Malibu Unified,"9,929",6.10%,0.20%,6.20%,0.70%,29.50%,0.20%,49.50%,6.90%,0.80%
Saugus Union,"9,071",3.40%,0.20%,9.30%,6.50%,35.60%,0.10%,39.00%,5.50%,0.50%
SBE - Academia Avance Charter,293,0.70%,0.00%,1.00%,0.70%,91.50%,0.00%,1.00%,0.00%,5.10%
SBE - Celerity Himalia,717,0.60%,0.00%,0.00%,0.00%,96.40%,0.00%,0.00%,0.00%,3.10%
SBE - Los Angeles College Prep Academy,64,3.10%,0.00%,1.60%,1.60%,78.10%,0.00%,4.70%,0.00%,10.90%
SBE - New West Charter,"1,043",5.50%,0.50%,7.20%,1.00%,24.20%,0.20%,53.50%,7.60%,0.50%
SBE - Prepa Tec Los Angeles High,324,0.30%,0.00%,0.30%,0.00%,98.10%,0.00%,0.00%,0.00%,1.20%
SBE - The School of Arts and Enterprise,726,4.10%,0.40%,0.70%,1.00%,82.00%,0.00%,7.20%,4.70%,0.00%
South Pasadena Unified,"4,718",1.50%,0.10%,32.80%,2.50%,23.20%,0.00%,24.90%,12.70%,2.30%
South Whittier Elementary,"2,444",0.90%,0.20%,0.40%,0.90%,94.60%,0.10%,2.60%,0.40%,0.00%
Sulphur Springs Union,"5,069",5.70%,0.40%,4.10%,5.80%,57.10%,0.10%,21.60%,4.50%,0.70%
Temple City Unified,"5,482",0.50%,0.10%,64.50%,1.80%,22.30%,0.20%,6.20%,4.00%,0.30%
Torrance Unified,"22,490",4.10%,0.10%,28.80%,5.00%,32.00%,0.40%,20.10%,8.70%,0.60%
Valle Lindo Elementary,"1,005",0.40%,0.00%,7.40%,0.30%,91.10%,0.00%,0.60%,0.10%,0.10%
Walnut Valley Unified,"13,493",1.40%,0.00%,60.10%,5.80%,22.60%,0.40%,5.60%,3.90%,0.10%
West Covina Unified,"14,632",7.80%,0.40%,9.00%,3.30%,67.10%,0.40%,10.30%,1.60%,0.20%
Westside Union Elementary,"9,172",10.50%,0.20%,2.50%,1.60%,50.20%,0.10%,29.20%,5.70%,0.20%
Whittier City Elementary,"5,836",1.00%,0.20%,0.80%,0.40%,91.10%,0.10%,3.20%,0.80%,2.50%
Whittier Union High,"11,253",1.30%,0.20%,1.40%,1.20%,89.20%,0.20%,6.10%,0.20%,0.10%
William S. Hart Union High,"23,623",3.90%,0.20%,7.40%,5.00%,42.20%,0.20%,36.40%,4.50%,0.20%
Wilsona Elementary,"1,207",7.10%,1.10%,0.10%,0.00%,78.00%,0.00%,10.20%,3.40%,0.10%
Wiseburn Unified,"4,754",14.00%,0.20%,4.50%,1.30%,53.20%,0.50%,16.30%,7.30%,2.70%
Alview-Dairyland Union Elementary,364,0.00%,0.30%,1.40%,0.50%,56.90%,0.00%,39.80%,0.80%,0.30%
Bass Lake Joint Union Elementary,826,0.40%,2.20%,1.90%,0.40%,23.70%,0.20%,67.80%,3.40%,0.00%
Chawanakee Unified,"1,531",0.60%,6.50%,1.50%,0.00%,22.90%,0.10%,60.30%,5.60%,2.70%
Chowchilla Elementary,"2,193",2.10%,0.70%,1.60%,0.40%,69.80%,0.20%,23.80%,1.50%,0.00%
Chowchilla Union High,"1,098",0.70%,0.50%,2.60%,0.30%,65.90%,0.10%,28.00%,2.00%,0.00%
Golden Valley Unified,"2,089",1.40%,1.00%,3.70%,0.30%,46.40%,0.00%,44.10%,2.50%,0.40%
Madera County Superintendent of Schools,734,1.90%,0.50%,0.80%,0.00%,69.60%,0.00%,18.00%,1.80%,7.40%
Madera Unified,"20,908",1.30%,0.50%,1.20%,0.20%,90.60%,0.00%,5.10%,0.70%,0.50%
Raymond-Knowles Union Elementary,71,0.00%,7.00%,0.00%,0.00%,23.90%,0.00%,63.40%,5.60%,0.00%
Yosemite Unified,"1,680",0.50%,3.30%,2.00%,0.30%,21.10%,0.10%,65.80%,6.50%,0.40%
Bolinas-Stinson Union,84,2.40%,1.20%,0.00%,0.00%,23.80%,0.00%,60.70%,4.80%,7.10%
Kentfield Elementary,"1,097",0.80%,0.00%,3.60%,0.60%,15.40%,0.00%,64.00%,12.80%,2.80%
Laguna Joint Elementary,14,0.00%,0.00%,0.00%,0.00%,50.00%,0.00%,7.10%,7.10%,35.70%
Lagunitas Elementary,229,0.90%,0.00%,1.30%,0.00%,10.90%,0.00%,75.50%,10.50%,0.90%
Larkspur-Corte Madera,"1,434",0.30%,0.20%,5.60%,0.30%,13.00%,0.20%,72.10%,8.00%,0.20%
Lincoln Elementary,8,0.00%,0.00%,0.00%,0.00%,0.00%,0.00%,100.00%,0.00%,0.00%
Marin County Office of Education,311,8.40%,0.30%,6.40%,0.60%,43.70%,0.30%,32.80%,5.10%,2.30%
Mill Valley Elementary,"2,640",0.50%,0.30%,4.40%,0.30%,8.60%,0.20%,75.10%,10.70%,0.00%
Miller Creek Elementary,"1,860",1.30%,0.10%,7.70%,1.20%,20.20%,0.30%,59.20%,9.50%,0.50%
Nicasio,34,0.00%,0.00%,2.90%,5.90%,52.90%,0.00%,32.40%,5.90%,0.00%
Novato Unified,"7,476",2.30%,0.80%,5.20%,1.00%,40.20%,0.30%,43.10%,7.00%,0.10%
Reed Union Elementary,"1,205",0.60%,0.20%,6.50%,0.40%,7.30%,0.00%,76.60%,8.50%,0.00%
Ross Elementary,376,0.00%,0.30%,0.30%,0.50%,6.40%,0.00%,86.20%,4.80%,1.60%
Ross Valley Elementary,"1,764",1.10%,0.30%,2.80%,0.40%,11.90%,0.10%,75.20%,7.90%,0.40%
San Rafael City Elementary,"4,415",0.80%,0.40%,2.80%,0.50%,70.70%,0.20%,22.40%,2.10%,0.10%
San Rafael City High,"2,666",1.30%,0.30%,4.20%,0.50%,57.70%,0.20%,33.00%,2.60%,0.20%
Sausalito Marin City,457,21.90%,0.20%,8.50%,0.40%,27.40%,0.00%,30.40%,10.50%,0.70%
SBE - Ross Valley Elementary,203,3.00%,0.00%,3.00%,0.50%,26.60%,0.00%,55.70%,9.40%,2.00%
Shoreline Unified,500,0.00%,0.60%,1.00%,0.00%,62.20%,0.60%,32.80%,0.60%,2.20%
Tamalpais Union High,"5,166",1.90%,0.30%,4.70%,0.60%,14.20%,0.40%,69.90%,4.30%,3.70%
Mariposa County Office of Education,40,0.00%,2.50%,0.00%,0.00%,10.00%,0.00%,77.50%,10.00%,0.00%
Mariposa County Unified,"1,757",0.50%,3.90%,0.90%,0.60%,22.00%,0.00%,63.80%,6.80%,1.60%
Anderson Valley Unified,434,0.70%,0.50%,0.00%,0.00%,80.90%,0.00%,17.30%,0.70%,0.00%
Arena Union Elementary,276,0.00%,6.90%,0.00%,0.00%,51.40%,0.00%,36.60%,5.10%,0.00%
Fort Bragg Unified,"1,779",0.40%,0.80%,0.80%,0.00%,44.70%,0.00%,44.30%,5.70%,3.10%
Laytonville Unified,360,0.00%,11.10%,0.80%,0.80%,21.40%,0.00%,54.70%,9.20%,1.90%
Leggett Valley Unified,134,0.00%,3.70%,0.00%,0.70%,24.60%,0.70%,64.90%,5.20%,0.00%
Manchester Union Elementary,43,0.00%,0.00%,0.00%,0.00%,72.10%,0.00%,27.90%,0.00%,0.00%
Mendocino County Office of Education,102,2.00%,8.80%,0.00%,0.00%,30.40%,0.00%,52.00%,5.90%,1.00%
Mendocino Unified,477,1.90%,0.60%,2.10%,0.20%,16.60%,0.20%,74.20%,4.00%,0.20%
Point Arena Joint Union High,141,0.00%,9.90%,0.70%,0.70%,55.30%,0.00%,31.90%,1.40%,0.00%
Potter Valley Community Unified,271,0.00%,4.40%,0.00%,0.00%,36.20%,0.00%,55.40%,4.10%,0.00%
Round Valley Unified,497,0.00%,58.40%,0.20%,0.00%,29.00%,0.00%,11.10%,1.00%,0.40%
Ukiah Unified,"6,499",0.60%,5.10%,0.90%,0.60%,53.30%,0.00%,35.00%,4.00%,0.40%
Willits Unified,"1,868",0.90%,5.10%,0.60%,0.10%,31.70%,0.10%,41.70%,3.80%,16.00%
Atwater Elementary,"4,815",2.20%,0.60%,3.40%,0.30%,75.30%,0.20%,15.60%,2.30%,0.00%
Ballico-Cressey Elementary,348,0.60%,2.60%,1.40%,0.00%,63.50%,0.30%,31.30%,0.00%,0.30%
Delhi Unified,"2,504",0.10%,0.20%,2.50%,0.10%,91.10%,0.20%,5.20%,0.40%,0.30%
Dos Palos Oro Loma Joint Unified,"2,292",2.20%,1.50%,0.20%,0.10%,82.90%,0.20%,12.30%,0.20%,0.40%
El Nido Elementary,157,0.00%,0.60%,1.30%,0.00%,88.50%,0.00%,8.90%,0.60%,0.00%
Gustine Unified,"1,765",0.50%,0.40%,0.60%,0.40%,85.30%,0.10%,10.40%,1.40%,1.00%
Hilmar Unified,"2,350",0.30%,0.70%,0.70%,0.10%,44.40%,0.10%,52.60%,0.80%,0.20%
Le Grand Union Elementary,361,1.10%,0.00%,1.10%,0.00%,86.70%,0.00%,9.10%,0.60%,1.40%
Le Grand Union High,514,0.40%,0.20%,0.00%,0.20%,94.00%,0.00%,4.50%,0.20%,0.60%
Livingston Union,"2,474",0.70%,0.70%,11.70%,0.80%,82.30%,0.20%,3.00%,0.20%,0.30%
Los Banos Unified,"10,858",1.50%,0.30%,0.90%,0.70%,84.40%,0.60%,10.20%,0.80%,0.60%
McSwain Union Elementary,839,0.40%,0.20%,6.70%,0.20%,45.80%,0.00%,42.80%,3.90%,0.00%
Merced City Elementary,"10,800",4.70%,0.40%,9.00%,0.70%,68.40%,0.20%,12.80%,2.80%,1.10%
Merced County Office of Education,"1,472",6.30%,0.90%,2.60%,0.10%,69.70%,0.50%,17.10%,2.60%,0.10%
Merced River Union Elementary,218,3.20%,0.50%,0.50%,0.00%,59.20%,0.00%,34.40%,1.80%,0.50%
Merced Union High,"10,977",3.70%,0.50%,7.80%,0.80%,70.60%,0.30%,14.60%,0.90%,0.80%
Plainsburg Union Elementary,104,0.00%,0.00%,2.90%,0.00%,43.30%,1.90%,51.90%,0.00%,0.00%
Planada Elementary,838,1.60%,0.10%,0.60%,0.00%,96.40%,0.20%,1.10%,0.00%,0.00%
Snelling-Merced Falls Union Elementary,75,0.00%,1.30%,0.00%,0.00%,41.30%,0.00%,52.00%,4.00%,1.30%
Weaver Union,"2,960",4.10%,0.40%,14.40%,0.40%,69.00%,0.30%,8.20%,2.40%,0.80%
Winton,"1,944",0.70%,0.40%,4.40%,0.00%,87.50%,0.00%,6.90%,0.20%,0.00%
Modoc County Office of Education,24,4.20%,4.20%,0.00%,0.00%,29.20%,4.20%,54.20%,0.00%,4.20%
Modoc Joint Unified,814,1.10%,7.20%,0.70%,0.70%,18.40%,0.50%,66.30%,4.20%,0.70%
Surprise Valley Joint Unified,121,0.00%,12.40%,0.00%,0.00%,16.50%,0.00%,66.90%,0.00%,4.10%
Tulelake Basin Joint Unified,407,0.50%,0.20%,0.20%,0.00%,79.90%,0.00%,15.00%,1.50%,2.70%
Eastern Sierra Unified,400,0.50%,5.30%,0.00%,0.00%,41.30%,0.00%,51.80%,0.30%,1.00%
Mammoth Unified,"1,119",0.20%,0.20%,0.90%,0.20%,60.70%,0.00%,35.60%,2.20%,0.10%
Mono County Office of Education,203,6.90%,0.00%,2.50%,1.00%,80.80%,1.00%,7.40%,0.50%,0.00%
Alisal Union,"8,372",0.30%,0.10%,0.40%,0.90%,93.50%,0.10%,1.40%,0.50%,2.80%
Big Sur Unified,103,0.00%,0.00%,1.00%,1.00%,25.20%,0.00%,50.50%,17.50%,4.90%
Bradley Union Elementary,69,5.80%,0.00%,0.00%,0.00%,17.40%,0.00%,71.00%,5.80%,0.00%
Carmel Unified,"2,335",0.50%,0.10%,4.70%,0.50%,19.50%,0.10%,62.80%,10.10%,1.70%
Chualar Union,305,0.00%,0.00%,0.00%,0.00%,99.70%,0.00%,0.30%,0.00%,0.00%
Gonzales Unified,"2,254",0.20%,0.40%,0.00%,0.40%,97.40%,0.10%,1.30%,0.20%,0.00%
Graves Elementary,40,0.00%,0.00%,2.50%,0.00%,75.00%,0.00%,20.00%,2.50%,0.00%
Greenfield Union Elementary,"3,465",0.20%,0.10%,0.00%,0.20%,98.40%,0.10%,0.90%,0.00%,0.10%
King City Union,"2,555",0.10%,0.10%,0.90%,0.60%,94.40%,0.00%,3.20%,0.40%,0.20%
Lagunita Elementary,94,0.00%,0.00%,0.00%,0.00%,51.10%,1.10%,35.10%,9.60%,3.20%
Mission Union Elementary,123,0.00%,0.00%,2.40%,0.80%,80.50%,0.00%,14.60%,1.60%,0.00%
Monterey County Office of Education,"1,695",1.90%,0.10%,2.10%,1.20%,55.20%,0.50%,31.00%,7.40%,0.50%
Monterey Peninsula Unified,"9,994",5.50%,0.50%,4.60%,4.50%,61.40%,2.20%,18.30%,2.80%,0.30%
North Monterey County Unified,"4,583",0.20%,0.20%,0.30%,0.60%,89.10%,0.20%,8.90%,0.40%,0.20%
Pacific Grove Unified,"1,899",2.40%,1.10%,9.30%,2.20%,21.30%,0.80%,58.70%,3.00%,1.10%
Salinas City Elementary,"8,271",0.50%,0.40%,0.60%,1.10%,91.50%,0.20%,4.30%,1.50%,0.00%
Salinas Union High,"16,423",0.70%,0.10%,0.90%,1.60%,89.80%,0.10%,6.00%,0.60%,0.10%
San Antonio Union Elementary,120,0.80%,0.80%,0.00%,0.80%,36.70%,0.00%,51.70%,2.50%,6.70%
San Ardo Union Elementary,111,0.00%,0.00%,0.00%,0.00%,91.00%,0.00%,6.30%,0.00%,2.70%
San Lucas Union Elementary,71,0.00%,0.00%,0.00%,0.00%,90.10%,0.00%,9.90%,0.00%,0.00%
Santa Rita Union Elementary,"3,470",0.70%,0.10%,1.30%,1.70%,89.70%,0.30%,5.40%,0.20%,0.50%
Soledad Unified,"4,911",0.40%,0.10%,1.00%,1.00%,94.90%,0.10%,2.10%,0.30%,0.00%
South Monterey County Joint Union High,"2,659",0.30%,0.70%,0.30%,0.60%,94.10%,0.20%,3.80%,0.20%,0.00%
Spreckels Union Elementary,955,0.10%,0.10%,2.80%,1.60%,39.30%,0.10%,48.30%,7.20%,0.50%
Washington Union Elementary,791,0.40%,0.00%,5.70%,1.90%,25.40%,0.00%,57.90%,8.20%,0.50%
Calistoga Joint Unified,869,0.20%,0.10%,0.20%,0.90%,85.60%,0.10%,11.00%,0.00%,1.70%
Howell Mountain Elementary,88,0.00%,0.00%,1.10%,0.00%,53.40%,0.00%,42.00%,0.00%,3.40%
Napa County Office of Education,104,3.80%,1.00%,0.00%,0.00%,80.80%,1.00%,10.60%,1.00%,1.90%
Napa Valley Unified,"17,240",2.10%,0.20%,2.40%,6.80%,56.40%,0.20%,27.40%,4.30%,0.10%
Pope Valley Union Elementary,50,0.00%,0.00%,0.00%,0.00%,70.00%,0.00%,26.00%,4.00%,0.00%
Saint Helena Unified,"1,187",0.40%,0.30%,1.10%,0.20%,53.00%,0.00%,43.70%,1.30%,0.00%
Chicago Park Elementary,153,0.00%,0.70%,1.30%,0.00%,17.60%,0.00%,79.70%,0.70%,0.00%
Clear Creek Elementary,162,0.00%,1.90%,0.00%,0.60%,13.00%,0.00%,72.80%,11.70%,0.00%
Grass Valley Elementary,"1,694",0.50%,1.50%,1.20%,0.50%,18.10%,0.40%,74.90%,3.00%,0.10%
Nevada City Elementary,696,0.60%,0.70%,1.00%,0.30%,7.60%,0.00%,82.80%,7.00%,0.00%
Nevada County Office of Education,"3,106",3.00%,0.80%,1.10%,0.20%,40.80%,0.30%,47.60%,5.40%,0.80%
Nevada Joint Union High,"2,686",0.90%,1.40%,1.10%,0.30%,13.90%,0.00%,75.00%,7.10%,0.30%
Penn Valley Union Elementary,564,0.90%,1.20%,1.10%,0.40%,13.80%,0.00%,72.30%,10.30%,0.00%
Pleasant Ridge Union Elementary,"1,243",0.20%,0.30%,0.60%,0.20%,13.00%,0.10%,56.20%,5.90%,23.60%
Twin Ridges Elementary,82,0.00%,0.00%,0.00%,0.00%,13.40%,0.00%,73.20%,13.40%,0.00%
Union Hill Elementary,691,0.10%,0.40%,0.30%,0.00%,13.60%,0.00%,69.90%,3.90%,11.70%
Anaheim Elementary,"16,161",1.40%,0.10%,4.30%,1.60%,84.90%,0.40%,4.50%,1.10%,1.70%
Anaheim Union High,"29,183",2.10%,0.10%,13.50%,4.10%,68.80%,0.40%,8.70%,1.80%,0.30%
Brea-Olinda Unified,"5,990",1.50%,0.10%,24.70%,3.40%,38.20%,0.30%,27.70%,4.00%,0.20%
Buena Park Elementary,"4,133",3.00%,0.20%,16.20%,4.70%,66.70%,0.50%,5.60%,2.40%,0.60%
Capistrano Unified,"50,419",1.40%,0.20%,6.60%,1.90%,27.40%,0.10%,52.40%,7.60%,2.40%
Centralia Elementary,"4,044",2.70%,0.20%,17.90%,8.60%,51.70%,0.50%,12.90%,4.10%,1.50%
Cypress Elementary,"3,540",2.50%,0.20%,37.50%,5.50%,28.20%,0.60%,19.40%,6.10%,0.00%
Fountain Valley Elementary,"6,165",0.60%,0.20%,36.10%,1.40%,18.50%,0.50%,33.70%,7.10%,1.90%
Fullerton Elementary,"12,141",1.40%,0.30%,23.00%,2.20%,51.00%,0.10%,16.20%,5.70%,0.00%
Fullerton Joint Union High,"13,473",1.80%,0.20%,18.50%,3.50%,58.40%,0.30%,13.50%,3.70%,0.10%
Garden Grove Unified,"40,124",0.60%,0.10%,35.40%,1.10%,53.00%,0.40%,6.70%,1.50%,1.20%
Huntington Beach City Elementary,"5,588",0.40%,0.20%,11.10%,0.80%,19.90%,0.30%,54.60%,10.80%,2.00%
Huntington Beach Union High,"15,534",0.90%,0.30%,28.00%,1.30%,28.90%,0.40%,34.90%,4.50%,0.80%
Irvine Unified,"35,660",1.90%,0.10%,48.10%,2.80%,11.70%,0.20%,25.60%,9.00%,0.50%
La Habra City Elementary,"4,537",0.70%,0.10%,1.90%,1.30%,87.90%,0.00%,6.10%,1.20%,0.70%
Laguna Beach Unified,"2,634",0.90%,0.20%,4.90%,1.00%,12.00%,0.00%,71.50%,8.20%,1.40%
Los Alamitos Unified,"9,317",2.50%,0.10%,14.00%,2.80%,27.70%,0.70%,43.00%,8.80%,0.50%
Magnolia Elementary,"5,385",2.80%,0.40%,10.90%,3.00%,71.70%,0.80%,9.20%,1.10%,0.10%
Newport-Mesa Unified,"18,559",0.80%,0.10%,4.80%,0.80%,46.30%,0.50%,41.20%,5.00%,0.50%
Ocean View,"7,337",1.00%,0.30%,14.30%,1.10%,41.00%,0.20%,34.40%,6.50%,1.10%
Orange County Department of Education,"10,001",2.10%,0.20%,10.10%,1.50%,53.80%,0.20%,23.30%,5.20%,3.60%
Orange Unified,"26,943",1.30%,0.20%,9.90%,1.90%,56.60%,0.30%,25.50%,3.20%,1.10%
Placentia-Yorba Linda Unified,"24,296",1.20%,0.20%,17.20%,2.40%,44.20%,0.20%,30.70%,3.90%,0.00%
Saddleback Valley Unified,"24,954",1.20%,0.10%,8.70%,3.50%,37.30%,0.20%,40.40%,7.40%,1.20%
Santa Ana Unified,"46,593",0.20%,0.30%,2.00%,0.20%,95.90%,0.20%,0.90%,0.30%,0.10%
Savanna Elementary,"1,949",3.10%,0.20%,13.30%,5.30%,60.30%,1.00%,10.50%,4.40%,1.90%
SBE - Magnolia Science Academy Santa Ana,544,2.20%,0.20%,2.00%,0.00%,89.70%,0.00%,5.30%,0.60%,0.00%
Tustin Unified,"22,761",1.60%,0.10%,20.70%,2.30%,46.60%,0.30%,22.90%,5.00%,0.50%
Westminster,"8,607",0.70%,0.20%,37.20%,1.00%,44.90%,0.60%,11.70%,3.00%,0.70%
Ackerman Charter,571,0.50%,0.20%,0.90%,0.90%,16.10%,0.00%,72.20%,8.20%,1.10%
Alta-Dutch Flat Union Elementary,82,0.00%,0.00%,0.00%,1.20%,11.00%,0.00%,84.10%,2.40%,1.20%
Auburn Union Elementary,"1,741",1.30%,1.40%,1.30%,0.90%,33.50%,0.20%,40.70%,5.10%,15.70%
Colfax Elementary,342,0.00%,1.80%,0.30%,0.60%,10.80%,0.00%,79.20%,6.70%,0.60%
Dry Creek Joint Elementary,"6,335",3.60%,0.50%,8.70%,2.00%,23.30%,0.70%,50.00%,11.10%,0.10%
Eureka Union,"3,149",1.70%,0.40%,9.90%,1.70%,13.70%,0.20%,59.20%,9.60%,3.70%
Foresthill Union Elementary,392,1.50%,0.50%,0.50%,0.30%,12.20%,0.80%,78.60%,3.10%,2.60%
Loomis Union Elementary,"2,847",0.40%,0.60%,2.50%,0.60%,11.70%,0.10%,77.70%,6.00%,0.50%
Newcastle Elementary,"2,048",1.00%,0.40%,16.30%,4.80%,12.50%,0.10%,56.30%,6.30%,2.10%
Placer County Office of Education,449,3.30%,1.30%,1.30%,0.90%,25.20%,0.40%,59.90%,5.80%,1.80%
Placer Hills Union Elementary,718,0.10%,1.40%,0.30%,0.10%,7.00%,0.00%,86.20%,3.60%,1.30%
Placer Union High,"4,071",0.70%,0.80%,1.40%,0.60%,15.00%,0.10%,75.10%,4.90%,1.30%
Rocklin Unified,"13,282",1.50%,0.30%,10.20%,3.50%,16.70%,0.30%,57.70%,8.30%,1.50%
Roseville City Elementary,"11,008",2.40%,0.40%,8.20%,5.90%,23.90%,0.40%,50.20%,8.30%,0.40%
Roseville Joint Union High,"12,109",3.50%,0.70%,9.50%,3.90%,20.10%,0.60%,55.50%,4.60%,1.60%
Tahoe-Truckee Unified,"4,159",0.30%,0.20%,0.50%,0.00%,36.00%,0.10%,58.50%,3.60%,0.70%
Western Placer Unified,"10,623",2.20%,0.70%,2.50%,2.10%,27.50%,0.50%,57.80%,5.20%,1.30%
Plumas County Office of Education,20,5.00%,5.00%,0.00%,0.00%,15.00%,0.00%,50.00%,20.00%,5.00%
Plumas Unified,"2,035",1.00%,3.70%,0.50%,0.20%,17.10%,0.00%,68.00%,7.70%,1.80%
Alvord Unified,"17,682",3.80%,0.20%,3.70%,1.50%,80.00%,0.50%,8.70%,1.40%,0.20%
Banning Unified,"4,440",7.30%,2.60%,4.10%,1.00%,71.10%,0.10%,10.90%,2.80%,0.00%
Beaumont Unified,"14,896",5.60%,0.50%,2.40%,2.30%,51.30%,0.20%,31.70%,5.10%,0.90%
California School for the Deaf-Riverside (State Special Schl),342,4.70%,0.00%,2.00%,1.50%,62.90%,0.30%,25.70%,2.30%,0.60%
Coachella Valley Unified,"17,539",0.20%,0.50%,0.10%,0.00%,97.90%,0.00%,1.00%,0.20%,0.20%
Corona-Norco Unified,"51,318",5.80%,0.30%,11.30%,3.20%,53.60%,0.40%,22.50%,2.10%,0.70%
Desert Center Unified,20,0.00%,5.00%,0.00%,0.00%,60.00%,0.00%,25.00%,10.00%,0.00%
Desert Sands Unified,"26,982",1.50%,0.20%,2.00%,0.70%,74.60%,0.10%,17.10%,2.00%,1.90%
Hemet Unified,"21,573",8.60%,0.80%,1.00%,0.90%,63.20%,0.30%,21.10%,4.10%,0.00%
Jurupa Unified,"18,768",2.00%,0.10%,1.30%,0.50%,86.50%,0.20%,7.30%,0.80%,1.20%
Lake Elsinore Unified,"21,081",3.90%,0.30%,1.80%,1.50%,63.30%,0.30%,23.90%,4.70%,0.30%
Menifee Union Elementary,"12,142",5.90%,0.20%,2.10%,3.80%,47.00%,0.50%,32.80%,6.60%,1.10%
Moreno Valley Unified,"31,597",13.00%,0.20%,1.40%,1.20%,73.80%,0.70%,6.30%,3.00%,0.50%
Murrieta Valley Unified,"22,950",5.40%,0.30%,4.10%,3.70%,39.90%,0.60%,36.90%,8.10%,1.00%
Nuview Union,"2,157",2.20%,0.10%,0.80%,0.60%,80.70%,0.30%,13.80%,1.50%,0.00%
Palm Springs Unified,"21,705",4.50%,0.50%,0.80%,1.90%,79.90%,0.10%,9.90%,2.50%,0.00%
Palo Verde Unified,"3,805",12.20%,0.60%,1.30%,0.30%,61.60%,0.30%,20.10%,2.50%,1.10%
Perris Elementary,"5,442",6.40%,0.10%,0.50%,0.30%,88.70%,0.20%,2.60%,0.30%,1.00%
Perris Union High,"10,910",5.30%,0.20%,1.30%,2.40%,71.20%,0.40%,14.70%,4.40%,0.10%
Riverside County Office of Education,"12,472",8.30%,0.60%,1.10%,1.00%,51.00%,0.30%,31.80%,5.60%,0.30%
Riverside Unified,"40,083",6.20%,0.30%,3.50%,1.20%,65.90%,0.30%,19.10%,2.10%,1.30%
Romoland Elementary,"4,064",5.30%,0.30%,1.50%,1.60%,70.80%,0.30%,17.60%,2.40%,0.20%
San Jacinto Unified,"11,462",7.90%,1.60%,0.90%,0.80%,73.80%,0.60%,11.50%,2.70%,0.10%
Temecula Valley Unified,"28,344",3.50%,0.70%,4.60%,5.10%,35.30%,0.30%,40.50%,9.90%,0.10%
Val Verde Unified,"19,303",11.70%,0.30%,1.50%,1.20%,78.40%,0.20%,4.20%,1.80%,0.60%
Arcohe Union Elementary,466,1.50%,0.60%,3.40%,0.20%,42.30%,0.40%,45.10%,6.00%,0.40%
California Education Authority (CEA) Headquarters,281,25.30%,0.70%,1.40%,0.70%,64.10%,0.00%,6.00%,0.00%,1.80%
Center Joint Unified,"4,162",11.60%,0.70%,7.50%,2.80%,31.20%,1.30%,37.00%,7.80%,0.10%
Elk Grove Unified,"63,947",10.90%,0.40%,26.50%,5.90%,27.60%,1.80%,17.50%,9.30%,0.00%
Elverta Joint Elementary,271,7.40%,1.10%,2.60%,0.40%,39.50%,0.00%,39.90%,9.20%,0.00%
Folsom-Cordova Unified,"20,096",4.70%,0.30%,18.30%,2.30%,22.70%,0.80%,41.60%,9.20%,0.20%
Galt Joint Union Elementary,"3,332",1.40%,0.50%,2.90%,1.20%,59.30%,0.60%,32.10%,2.00%,0.20%
Galt Joint Union High,"2,209",1.40%,0.00%,2.10%,0.40%,57.00%,0.10%,33.40%,4.60%,0.80%
Natomas Unified,"15,686",16.30%,0.50%,17.60%,4.70%,32.00%,1.70%,16.00%,11.00%,0.20%
River Delta Joint Unified,"2,279",2.50%,0.30%,0.60%,0.80%,53.00%,0.40%,34.20%,5.50%,2.70%
Robla Elementary,"2,331",13.70%,0.90%,17.30%,1.50%,48.50%,2.10%,12.40%,3.10%,0.40%
Sacramento City Unified,"45,078",13.90%,0.50%,17.00%,1.40%,41.00%,2.00%,16.40%,7.40%,0.40%
Sacramento County Office of Education,"2,885",49.30%,0.80%,3.10%,1.00%,29.20%,0.90%,7.10%,7.50%,1.10%
San Juan Unified,"50,762",7.00%,0.60%,7.80%,1.00%,25.40%,0.60%,49.70%,7.20%,0.60%
Twin Rivers Unified,"32,284",11.90%,0.70%,11.00%,0.90%,41.60%,1.40%,26.20%,4.50%,1.80%
Aromas - San Juan Unified,"1,017",0.50%,1.10%,0.80%,0.50%,64.00%,0.00%,25.70%,1.50%,6.00%
Bitterwater-Tully Elementary,34,0.00%,0.00%,0.00%,0.00%,29.40%,0.00%,64.70%,5.90%,0.00%
Cienega Union Elementary,29,0.00%,0.00%,0.00%,0.00%,51.70%,0.00%,48.30%,0.00%,0.00%
Hollister,"5,957",0.50%,0.30%,1.60%,0.50%,82.60%,0.30%,11.70%,0.90%,1.70%
Jefferson Elementary,6,0.00%,0.00%,0.00%,0.00%,66.70%,0.00%,33.30%,0.00%,0.00%
North County Joint Union Elementary,728,0.30%,0.00%,0.40%,0.00%,62.00%,0.00%,29.90%,0.70%,6.70%
Panoche Elementary,7,0.00%,0.00%,0.00%,0.00%,85.70%,0.00%,14.30%,0.00%,0.00%
San Benito County Office of Education,21,0.00%,0.00%,0.00%,0.00%,90.50%,0.00%,9.50%,0.00%,0.00%
San Benito High,"3,350",0.50%,0.30%,1.30%,1.30%,75.50%,0.10%,17.60%,1.60%,1.70%
Southside Elementary,205,2.00%,0.00%,0.50%,0.00%,58.00%,0.00%,39.00%,0.00%,0.50%
Tres Pinos Union Elementary,61,0.00%,0.00%,0.00%,0.00%,27.90%,0.00%,68.90%,1.60%,1.60%
Willow Grove Union Elementary,12,0.00%,0.00%,0.00%,0.00%,83.30%,0.00%,16.70%,0.00%,0.00%
Adelanto Elementary,"8,029",19.00%,0.30%,0.70%,0.60%,65.50%,0.70%,6.70%,3.40%,3.00%
Alta Loma Elementary,"5,659",4.50%,0.10%,8.00%,1.60%,49.40%,0.20%,29.90%,5.30%,0.90%
Apple Valley Unified,"14,358",7.70%,0.50%,1.90%,0.50%,51.10%,0.50%,34.70%,3.20%,0.00%
Baker Valley Unified,127,0.00%,0.80%,0.00%,0.00%,84.30%,0.00%,14.20%,0.00%,0.80%
Barstow Unified,"6,129",19.60%,0.70%,0.60%,0.50%,53.80%,1.20%,18.00%,5.50%,0.00%
Bear Valley Unified,"2,238",0.90%,0.30%,0.90%,0.20%,37.10%,0.20%,55.90%,4.40%,0.10%
Central Elementary,"4,219",10.80%,0.10%,5.80%,2.20%,54.70%,0.30%,20.00%,5.00%,1.10%
Chaffey Joint Union High,"23,854",7.40%,0.40%,6.80%,2.10%,64.70%,0.50%,15.30%,2.40%,0.40%
Chino Valley Unified,"27,333",3.70%,0.20%,18.40%,4.80%,55.80%,0.30%,13.70%,2.60%,0.60%
Colton Joint Unified,"20,550",5.20%,0.10%,1.40%,0.70%,86.50%,0.20%,5.00%,0.90%,0.00%
Cucamonga Elementary,"2,359",14.20%,0.30%,2.80%,2.00%,70.10%,0.40%,8.60%,1.60%,0.00%
Etiwanda Elementary,"13,478",8.50%,0.20%,14.20%,4.10%,44.50%,0.30%,20.70%,5.40%,2.00%
Fontana Unified,"35,461",4.90%,0.10%,1.50%,1.10%,87.40%,0.20%,3.80%,1.10%,0.00%
Helendale Elementary,"6,422",4.90%,0.40%,3.60%,1.30%,43.70%,0.30%,38.60%,6.50%,0.70%
Hesperia Unified,"24,216",7.20%,0.30%,1.00%,0.40%,70.30%,0.30%,18.90%,1.50%,0.10%
Lucerne Valley Unified,"10,313",7.10%,0.40%,2.70%,1.20%,44.70%,0.20%,34.20%,6.40%,3.10%
Morongo Unified,"8,005",8.50%,1.00%,1.70%,2.00%,35.00%,1.20%,50.00%,0.00%,0.70%
Mountain View Elementary,"2,625",8.20%,0.10%,5.70%,2.70%,70.20%,0.70%,10.60%,1.00%,0.80%
Mt. Baldy Joint Elementary,87,1.10%,1.10%,8.00%,0.00%,37.90%,0.00%,41.40%,10.30%,0.00%
Needles Unified,967,2.80%,13.30%,0.70%,0.20%,32.40%,0.30%,45.80%,4.10%,0.30%
Ontario-Montclair,"19,286",3.00%,0.80%,2.10%,0.60%,89.20%,0.20%,3.10%,1.00%,0.00%
Oro Grande,"5,501",12.00%,0.90%,0.50%,0.30%,59.60%,0.40%,20.60%,5.10%,0.60%
Redlands Unified,"20,352",6.20%,0.30%,8.40%,2.50%,51.90%,0.40%,25.20%,4.80%,0.30%
Rialto Unified,"24,461",8.30%,0.20%,0.60%,0.40%,86.10%,0.40%,2.80%,1.20%,0.00%
Rim of the World Unified,"2,926",0.60%,0.30%,0.70%,0.00%,40.90%,0.00%,53.70%,3.60%,0.20%
San Bernardino City Unified,"51,330",11.00%,0.30%,1.30%,0.40%,79.30%,0.40%,4.80%,1.60%,1.00%
San Bernardino County Office of Education,"5,680",11.90%,0.70%,1.80%,0.80%,57.00%,0.40%,20.60%,3.30%,3.50%
Silver Valley Unified,"2,014",8.60%,0.80%,1.30%,1.60%,38.60%,2.30%,37.70%,8.40%,0.50%
Snowline Joint Unified,"7,355",4.70%,0.50%,1.10%,0.40%,52.80%,0.20%,31.70%,1.30%,7.30%
Trona Joint Unified,259,8.50%,0.40%,0.80%,0.00%,32.80%,0.40%,52.10%,5.00%,0.00%
Upland Unified,"10,228",7.60%,0.10%,5.40%,1.70%,58.50%,0.40%,22.50%,2.10%,1.70%
Victor Elementary,"12,358",17.80%,1.10%,1.40%,0.80%,64.40%,0.60%,11.80%,2.00%,0.00%
Victor Valley Union High,"11,488",16.70%,0.40%,1.70%,1.00%,67.70%,0.60%,7.40%,3.50%,1.00%
Yucaipa-Calimesa Joint Unified,"9,689",1.50%,0.40%,1.40%,0.60%,45.40%,0.20%,48.80%,1.60%,0.20%
Alpine Union Elementary,"1,532",1.40%,3.70%,0.50%,0.40%,29.60%,0.10%,54.20%,7.30%,2.70%
Bonsall Unified,"2,164",1.50%,5.50%,2.00%,1.60%,37.50%,0.50%,41.50%,8.80%,1.20%
Borrego Springs Unified,"3,088",4.70%,0.50%,0.50%,0.90%,69.70%,0.20%,18.90%,3.90%,0.70%
Cajon Valley Union,"16,732",6.20%,0.20%,3.60%,0.40%,37.80%,0.80%,43.80%,2.60%,4.70%
Cardiff Elementary,632,0.30%,0.00%,1.70%,0.30%,17.70%,0.00%,68.00%,7.10%,4.70%
Carlsbad Unified,"10,863",1.00%,0.30%,5.80%,0.80%,27.60%,0.20%,55.40%,9.00%,0.00%
Chula Vista Elementary,"29,478",3.70%,0.20%,2.40%,9.20%,70.40%,0.30%,9.60%,3.70%,0.50%
Coronado Unified,"2,608",1.00%,0.30%,1.40%,1.80%,22.70%,0.50%,58.10%,8.20%,6.00%
Dehesa Elementary,"9,921",3.00%,0.60%,4.80%,1.00%,27.90%,0.30%,51.60%,8.30%,2.50%
Del Mar Union Elementary,"3,853",1.40%,0.10%,34.30%,1.20%,11.30%,0.10%,45.20%,6.20%,0.20%
Encinitas Union Elementary,"4,918",0.60%,0.40%,4.10%,0.80%,21.50%,0.20%,66.10%,4.60%,1.70%
Escondido Union,"17,944",1.40%,0.20%,2.40%,1.60%,70.00%,0.10%,19.40%,3.70%,1.20%
Escondido Union High,"9,483",1.60%,0.30%,2.80%,1.90%,65.90%,0.10%,24.20%,2.30%,0.90%
Fallbrook Union Elementary,"4,756",2.10%,0.10%,0.70%,0.40%,65.30%,0.30%,26.50%,4.60%,0.00%
Fallbrook Union High,"2,155",1.30%,0.20%,1.10%,0.60%,67.80%,0.30%,25.50%,2.30%,0.90%
Grossmont Union High,"22,021",6.20%,0.80%,2.30%,1.70%,40.20%,0.70%,42.30%,5.40%,0.40%
Jamul-Dulzura Union Elementary,742,3.60%,0.30%,1.10%,0.10%,56.70%,0.10%,32.70%,4.20%,1.10%
Julian Union Elementary,"1,842",3.10%,1.30%,1.80%,0.70%,40.50%,0.20%,45.10%,6.80%,0.40%
Julian Union High,106,0.00%,5.70%,0.90%,0.00%,35.80%,0.00%,50.90%,5.70%,0.90%
La Mesa-Spring Valley,"11,525",7.90%,0.20%,2.50%,2.40%,50.50%,0.50%,27.80%,8.20%,0.00%
Lakeside Union Elementary,"5,077",3.20%,1.70%,1.60%,1.40%,33.10%,0.60%,53.40%,5.00%,0.00%
Lemon Grove,"3,160",15.50%,0.70%,5.30%,1.10%,62.60%,1.10%,8.50%,5.10%,0.00%
Mountain Empire Unified,"4,064",2.50%,2.50%,1.30%,0.50%,49.40%,0.20%,36.80%,5.90%,0.90%
National Elementary,"5,152",1.10%,0.00%,1.70%,8.70%,83.80%,0.40%,2.10%,1.80%,0.40%
Oceanside Unified,"18,984",3.90%,0.30%,1.70%,2.40%,56.40%,1.70%,25.40%,7.00%,1.30%
Poway Unified,"35,663",1.70%,0.10%,22.70%,5.90%,17.30%,0.20%,40.60%,11.30%,0.10%
Ramona City Unified,"5,070",0.70%,0.50%,0.50%,0.30%,41.00%,0.20%,50.80%,5.90%,0.00%
Rancho Santa Fe Elementary,547,0.50%,0.20%,7.10%,0.40%,10.80%,0.00%,73.50%,7.50%,0.00%
San Diego County Office of Education,"6,962",9.00%,0.30%,10.70%,1.50%,37.90%,0.10%,33.60%,6.30%,0.60%
San Diego Unified,"118,523",7.70%,0.30%,8.70%,4.60%,46.70%,0.40%,22.50%,8.00%,1.20%
San Dieguito Union High,"13,001",0.70%,0.20%,17.40%,0.80%,15.70%,0.10%,58.40%,6.60%,0.10%
San Marcos Unified,"19,894",0.10%,1.60%,5.50%,2.30%,45.90%,0.40%,39.30%,4.90%,0.00%
San Pasqual Union Elementary,501,1.20%,0.40%,1.20%,0.60%,30.50%,0.20%,56.90%,7.20%,1.80%
San Ysidro Elementary,"4,419",2.50%,0.10%,0.50%,3.80%,89.00%,0.00%,1.70%,1.60%,0.80%
Santee,"6,482",2.00%,0.30%,2.10%,1.70%,29.10%,0.20%,54.80%,9.90%,0.00%
SBC - High Tech High,"3,428",2.80%,0.50%,2.90%,5.10%,54.90%,0.60%,26.50%,6.70%,0.10%
SBE - Audeo Charter II,244,2.90%,0.80%,3.70%,1.20%,38.90%,0.00%,43.00%,9.40%,0.00%
SBE - Baypoint Preparatory Academy San Diego,151,4.00%,0.00%,4.00%,4.00%,50.30%,0.00%,31.10%,6.60%,0.00%
SBE - College Preparatory Middle,402,6.20%,0.00%,2.20%,2.00%,29.40%,0.70%,51.00%,7.70%,0.70%
SBE - Grossmont Secondary,331,6.90%,0.60%,0.90%,3.00%,58.00%,0.60%,22.40%,6.90%,0.60%
SBE - Sweetwater Secondary,358,2.80%,0.30%,1.10%,2.20%,80.70%,0.30%,5.00%,5.60%,2.00%
SBE - Vista Springs Charter,251,2.40%,0.40%,0.00%,0.40%,62.50%,0.00%,27.50%,6.80%,0.00%
Solana Beach Elementary,"2,720",0.50%,0.10%,26.70%,0.90%,13.20%,0.00%,47.30%,9.00%,2.30%
South Bay Union,"6,446",2.50%,0.10%,0.40%,2.80%,84.30%,0.20%,6.90%,2.70%,0.30%
Spencer Valley Elementary,"3,883",9.20%,0.70%,4.80%,2.70%,43.70%,1.10%,33.60%,4.00%,0.20%
Sweetwater Union High,"38,602",3.00%,0.40%,1.80%,8.70%,70.90%,0.40%,10.40%,4.00%,0.50%
Vallecitos Elementary,187,0.50%,0.00%,0.00%,0.00%,89.80%,0.00%,8.60%,1.10%,0.00%
Valley Center-Pauma Unified,"3,865",0.50%,8.80%,0.90%,0.30%,59.50%,0.00%,24.30%,4.60%,1.00%
Vista Unified,"22,910",2.20%,0.30%,2.00%,1.40%,65.50%,0.60%,22.50%,5.50%,0.10%
Warner Unified,"2,428",3.70%,6.70%,6.80%,1.20%,30.50%,0.10%,40.40%,9.00%,1.60%
San Francisco County Office of Education,299,26.40%,0.30%,11.40%,3.30%,31.10%,1.30%,18.10%,4.30%,3.70%
San Francisco Unified,"58,705",7.40%,0.30%,29.80%,3.80%,31.90%,0.80%,14.40%,6.40%,5.10%
SBE - KIPP Bayview Elementary,147,62.60%,2.70%,0.00%,0.00%,22.40%,2.70%,2.00%,7.50%,0.00%
SBE - The New School of San Francisco,347,6.30%,0.60%,10.40%,1.70%,29.70%,0.30%,44.10%,6.90%,0.00%
Banta Elementary,"1,943",6.00%,0.60%,17.70%,11.80%,38.90%,0.40%,17.70%,6.70%,0.40%
Escalon Unified,"2,974",0.60%,0.20%,1.20%,0.40%,47.80%,0.10%,46.90%,2.00%,0.70%
Jefferson Elementary,"2,236",4.90%,0.50%,17.20%,4.80%,39.30%,1.40%,26.20%,4.90%,0.90%
Lammersville Joint Unified,"6,397",5.50%,1.10%,43.90%,8.50%,16.30%,0.40%,16.50%,5.90%,1.90%
Lincoln Unified,"8,939",11.30%,0.40%,9.90%,3.00%,50.30%,0.80%,19.10%,4.90%,0.20%
Linden Unified,"2,323",0.40%,1.10%,1.50%,0.30%,63.90%,0.50%,30.90%,1.30%,0.00%
Lodi Unified,"30,738",6.70%,0.40%,18.00%,3.50%,46.50%,0.70%,18.70%,3.00%,2.40%
Manteca Unified,"23,660",5.90%,0.40%,9.70%,5.20%,57.10%,1.00%,16.80%,3.80%,0.00%
New Hope Elementary,177,0.60%,0.00%,0.00%,0.60%,88.10%,0.00%,8.50%,2.30%,0.00%
New Jerusalem Elementary,"6,502",10.40%,0.90%,6.50%,2.90%,42.60%,0.80%,29.30%,5.10%,1.60%
Oak View Union Elementary,363,0.30%,0.00%,0.30%,1.40%,49.90%,0.80%,41.60%,5.80%,0.00%
Ripon Unified,"4,728",2.80%,0.30%,5.10%,2.00%,34.40%,0.30%,45.70%,9.10%,0.40%
San Joaquin County Office of Education,"3,995",10.10%,0.70%,5.00%,2.00%,60.80%,0.40%,14.80%,5.10%,1.00%
Stockton Unified,"40,627",10.00%,1.00%,8.70%,3.60%,68.00%,0.50%,4.70%,3.40%,0.10%
Tracy Joint Unified,"15,577",5.50%,0.30%,12.40%,5.40%,53.30%,1.20%,17.40%,4.50%,0.00%
Atascadero Unified,"4,397",1.20%,0.80%,1.00%,1.10%,28.40%,0.10%,62.90%,3.50%,1.00%
Cayucos Elementary,162,0.00%,0.00%,0.00%,0.00%,23.50%,0.00%,67.30%,6.20%,3.10%
Coast Unified,536,0.00%,0.20%,0.20%,0.20%,73.30%,0.00%,22.60%,2.10%,1.50%
Lucia Mar Unified,"9,921",0.60%,0.40%,1.40%,1.10%,47.70%,0.10%,43.50%,4.20%,1.00%
Paso Robles Joint Unified,"6,661",1.20%,0.30%,0.60%,0.20%,56.10%,0.10%,37.90%,2.50%,1.20%
Pleasant Valley Joint Union Elementary,58,0.00%,5.20%,3.40%,0.00%,24.10%,0.00%,60.30%,3.40%,3.40%
San Luis Coastal Unified,"7,491",0.70%,0.30%,3.30%,1.90%,29.40%,0.20%,58.30%,5.70%,0.10%
San Luis Obispo County Office of Education,321,2.50%,0.30%,0.30%,0.00%,73.20%,0.30%,20.60%,2.80%,0.00%
San Miguel Joint Union,899,0.60%,0.40%,0.20%,0.10%,52.70%,0.10%,42.50%,3.10%,0.20%
Shandon Joint Unified,282,1.40%,0.00%,0.00%,0.40%,79.80%,0.40%,17.00%,0.40%,0.70%
Templeton Unified,"2,317",0.20%,0.40%,1.20%,0.10%,24.00%,0.10%,65.20%,8.30%,0.60%
Bayshore Elementary,361,3.30%,0.00%,18.80%,21.10%,41.00%,4.40%,2.80%,8.00%,0.60%
Belmont-Redwood Shores Elementary,"4,152",1.20%,0.10%,31.60%,2.90%,11.70%,0.90%,34.40%,13.80%,3.40%
Brisbane Elementary,474,1.50%,0.00%,20.50%,11.60%,28.30%,0.20%,23.80%,11.00%,3.20%
Burlingame Elementary,"3,387",0.30%,0.10%,26.70%,3.00%,15.60%,0.40%,40.70%,9.20%,3.90%
Cabrillo Unified,"2,934",0.30%,0.00%,1.30%,0.90%,52.20%,0.10%,40.10%,5.00%,0.00%
Hillsborough City Elementary,"1,268",0.50%,0.00%,32.30%,1.90%,4.90%,0.30%,48.30%,11.80%,0.00%
Jefferson Elementary,"6,653",2.20%,0.20%,19.40%,24.90%,36.00%,0.90%,10.80%,5.10%,0.30%
Jefferson Union High,"4,705",1.30%,0.10%,14.90%,28.90%,31.40%,1.00%,14.10%,7.50%,0.80%
La Honda-Pescadero Unified,275,0.00%,0.40%,0.00%,0.70%,62.90%,0.00%,34.50%,1.50%,0.00%
Las Lomitas Elementary,"1,116",0.90%,0.20%,18.30%,0.50%,13.10%,0.20%,53.20%,13.60%,0.00%
Menlo Park City Elementary,"2,781",0.70%,0.00%,13.50%,0.70%,16.70%,1.20%,55.20%,11.40%,0.70%
Millbrae Elementary,"2,238",0.70%,0.10%,46.20%,6.40%,19.70%,2.00%,15.60%,8.30%,0.80%
Pacifica,"3,006",0.90%,0.20%,8.40%,9.00%,26.50%,0.40%,38.90%,15.80%,0.00%
Portola Valley Elementary,491,0.20%,0.20%,6.30%,0.00%,13.80%,0.00%,66.20%,13.00%,0.20%
Ravenswood City Elementary,"2,993",5.30%,0.20%,0.30%,0.20%,83.60%,7.50%,1.10%,1.50%,0.30%
Redwood City Elementary,"8,086",1.10%,0.10%,3.80%,0.80%,70.20%,1.10%,18.80%,3.90%,0.30%
San Bruno Park Elementary,"2,275",1.40%,0.20%,16.00%,9.60%,41.50%,5.10%,15.40%,1.00%,9.90%
San Carlos Elementary,"3,265",0.60%,0.10%,17.50%,1.40%,14.20%,0.50%,49.30%,12.90%,3.50%
San Mateo County Office of Education,248,6.00%,0.00%,9.30%,6.50%,60.90%,2.40%,6.00%,1.60%,7.30%
San Mateo Union High,"9,760",0.80%,0.10%,22.60%,5.20%,31.80%,1.90%,27.50%,10.10%,0.00%
San Mateo-Foster City,"10,969",0.70%,0.10%,25.90%,3.40%,36.60%,2.10%,21.00%,9.40%,0.80%
Sequoia Union High,"10,327",2.40%,0.30%,8.90%,1.40%,45.20%,2.00%,35.00%,4.60%,0.10%
South San Francisco Unified,"8,182",1.10%,0.20%,14.20%,22.70%,47.60%,1.80%,6.40%,6.00%,0.10%
Woodside Elementary,369,2.20%,0.30%,4.30%,0.00%,16.30%,0.80%,64.50%,10.60%,1.10%
Ballard Elementary,128,1.60%,0.00%,0.80%,0.00%,15.60%,0.00%,78.10%,3.90%,0.00%
Blochman Union Elementary,"1,490",1.00%,0.20%,0.80%,0.60%,26.10%,0.20%,61.70%,7.00%,2.30%
Buellton Union Elementary,553,0.50%,0.40%,0.70%,0.00%,49.50%,0.20%,38.50%,5.10%,5.10%
Carpinteria Unified,"2,091",0.10%,0.10%,1.00%,0.30%,74.90%,0.00%,22.00%,1.40%,0.10%
Cold Spring Elementary,178,0.00%,0.00%,1.70%,0.00%,5.60%,0.00%,78.70%,5.10%,9.00%
College Elementary,336,0.90%,2.40%,0.90%,0.00%,46.70%,0.00%,43.20%,5.40%,0.60%
Cuyama Joint Unified,255,0.80%,0.40%,1.20%,0.00%,66.30%,0.00%,27.10%,3.90%,0.40%
Goleta Union Elementary,"3,378",0.60%,0.10%,5.00%,0.90%,46.60%,0.10%,36.30%,7.30%,3.20%
Guadalupe Union Elementary,"1,270",0.40%,0.60%,0.20%,0.30%,95.70%,0.10%,2.20%,0.60%,0.00%
Hope Elementary,775,0.90%,0.40%,3.20%,0.40%,38.10%,0.30%,51.40%,5.40%,0.00%
Lompoc Unified,"9,644",2.20%,0.50%,1.60%,1.30%,68.80%,0.20%,20.70%,4.60%,0.10%
Los Olivos Elementary,155,0.60%,0.60%,0.00%,0.00%,20.60%,0.00%,69.70%,0.60%,7.70%
Montecito Union Elementary,374,0.50%,1.10%,0.50%,0.30%,11.80%,0.00%,72.50%,9.40%,4.00%
Orcutt Union Elementary,"4,842",0.60%,0.60%,1.40%,1.30%,51.00%,0.20%,36.30%,6.00%,2.50%
Santa Barbara County Office of Education,102,0.00%,0.00%,1.00%,1.00%,87.30%,0.00%,8.80%,2.00%,0.00%
Santa Barbara Unified,"14,205",0.70%,0.30%,2.80%,0.50%,59.50%,0.10%,32.60%,2.60%,1.10%
Santa Maria Joint Union High,"8,953",0.60%,0.40%,0.80%,1.50%,87.30%,0.10%,8.00%,0.70%,0.50%
Santa Maria-Bonita,"16,665",0.30%,0.20%,0.30%,1.30%,94.90%,0.10%,2.20%,0.40%,0.20%
Santa Ynez Valley Union High,864,0.60%,0.60%,0.30%,0.30%,46.50%,0.00%,46.90%,4.70%,0.00%
SBE - Olive Grove Charter - Buellton,48,0.00%,0.00%,0.00%,0.00%,27.10%,0.00%,66.70%,6.30%,0.00%
SBE - Olive Grove Charter - Lompoc,133,0.80%,1.50%,0.00%,0.00%,63.20%,0.00%,27.80%,6.80%,0.00%
SBE - Olive Grove Charter - Orcutt/Santa Maria,240,1.30%,0.40%,1.30%,2.10%,59.60%,0.00%,30.80%,3.30%,1.30%
SBE - Olive Grove Charter - Santa Barbara,159,1.30%,0.00%,0.60%,0.00%,42.80%,0.00%,47.80%,5.70%,1.90%
Solvang Elementary,607,1.20%,0.70%,0.30%,0.50%,53.50%,0.00%,39.40%,2.50%,2.00%
Vista del Mar Union,25,0.00%,0.00%,0.00%,0.00%,28.00%,0.00%,60.00%,4.00%,8.00%
Alum Rock Union Elementary,"9,850",1.00%,0.30%,12.10%,4.70%,78.50%,0.40%,1.60%,1.40%,0.00%
Berryessa Union Elementary,"6,534",1.20%,0.10%,53.60%,11.80%,22.90%,0.60%,4.50%,5.30%,0.00%
Cambrian,"3,172",2.20%,0.30%,21.80%,2.10%,23.70%,0.30%,37.10%,11.70%,0.90%
Campbell Union,"6,622",3.30%,0.20%,16.40%,2.10%,47.10%,0.30%,22.30%,6.80%,1.40%
Campbell Union High,"8,606",2.70%,0.40%,18.70%,2.30%,33.80%,0.50%,35.90%,4.20%,1.50%
Cupertino Union,"15,663",0.50%,0.30%,72.40%,1.20%,5.30%,0.10%,13.30%,4.40%,2.50%
East Side Union High,"25,946",1.80%,0.20%,33.00%,6.10%,50.90%,0.60%,4.70%,2.40%,0.30%
Evergreen Elementary,"9,789",1.30%,0.40%,56.90%,7.00%,24.50%,0.40%,4.90%,4.30%,0.40%
Franklin-McKinley Elementary,"8,980",1.70%,0.10%,31.20%,3.30%,59.80%,0.30%,2.00%,1.20%,0.40%
Fremont Union High,"10,836",0.80%,0.20%,58.00%,2.60%,14.70%,0.30%,15.40%,6.10%,2.00%
Gilroy Unified,"11,360",1.40%,0.40%,4.20%,2.80%,70.80%,0.20%,14.80%,3.10%,2.30%
Lakeside Joint,66,0.00%,0.00%,16.70%,1.50%,9.10%,0.00%,57.60%,12.10%,3.00%
Loma Prieta Joint Union Elementary,441,0.50%,0.00%,2.90%,0.50%,12.20%,0.00%,70.70%,12.00%,1.10%
Los Altos Elementary,"3,576",0.60%,0.10%,34.80%,0.70%,8.40%,0.30%,41.10%,12.70%,1.20%
Los Gatos Union Elementary,"2,710",0.60%,0.40%,22.10%,0.90%,6.80%,0.10%,60.40%,7.90%,0.70%
Los Gatos-Saratoga Union High,"3,470",0.20%,0.10%,32.00%,0.40%,7.80%,0.20%,46.30%,9.10%,3.90%
Luther Burbank,475,2.50%,0.00%,1.30%,2.10%,90.10%,0.60%,2.90%,0.20%,0.20%
Milpitas Unified,"10,413",1.70%,0.30%,52.90%,14.90%,19.70%,0.40%,4.20%,5.60%,0.20%
Moreland,"4,364",3.00%,0.40%,33.30%,2.70%,29.80%,0.50%,21.90%,6.90%,1.50%
Morgan Hill Unified,"8,894",1.40%,0.50%,8.90%,2.60%,50.50%,0.30%,28.60%,4.90%,2.20%
Mount Pleasant Elementary,"1,929",1.70%,0.20%,13.90%,0.30%,75.70%,1.30%,2.60%,2.70%,1.60%
Mountain View Whisman,"4,753",1.30%,0.00%,20.50%,2.40%,35.60%,0.40%,26.70%,12.60%,0.40%
Mountain View-Los Altos Union High,"4,563",1.20%,0.10%,24.90%,1.90%,25.60%,0.40%,37.60%,8.10%,0.30%
Oak Grove Elementary,"9,362",2.90%,0.20%,22.20%,3.80%,47.60%,0.70%,15.30%,6.90%,0.30%
Orchard Elementary,815,4.90%,0.90%,40.60%,6.60%,33.00%,2.30%,6.70%,3.90%,1.00%
Palo Alto Unified,"10,754",1.70%,0.10%,37.50%,0.90%,13.90%,1.00%,33.90%,11.00%,0.00%
San Jose Unified,"28,710",2.50%,0.20%,13.70%,1.90%,52.90%,0.30%,22.40%,5.80%,0.30%
Santa Clara County Office of Education,"12,508",3.40%,0.20%,20.70%,2.00%,57.80%,0.30%,10.10%,4.40%,1.10%
Santa Clara Unified,"14,808",2.50%,0.50%,31.70%,6.00%,33.80%,0.50%,19.00%,5.30%,0.70%
Saratoga Union Elementary,"1,657",0.20%,0.00%,57.00%,0.70%,5.20%,0.00%,24.20%,6.20%,6.50%
SBE - KIPP Navigate College Prep,274,0.70%,0.00%,25.90%,2.20%,69.00%,0.40%,0.40%,1.50%,0.00%
SBE - Perseverance Preparatory,48,2.10%,0.00%,6.30%,0.00%,77.10%,0.00%,6.30%,4.20%,4.20%
Sunnyvale,"5,950",1.30%,1.70%,29.80%,5.40%,29.70%,0.80%,21.40%,8.60%,1.20%
Union Elementary,"5,727",1.10%,0.20%,34.30%,1.00%,15.40%,0.10%,38.60%,8.60%,0.50%
Bonny Doon Union Elementary,107,0.00%,0.00%,0.00%,0.00%,9.30%,0.00%,89.70%,0.90%,0.00%
Happy Valley Elementary,105,0.00%,1.00%,1.90%,1.00%,9.50%,0.00%,67.60%,17.10%,1.90%
Live Oak Elementary,"1,730",2.20%,1.10%,2.60%,1.30%,57.20%,0.20%,31.70%,1.70%,1.90%
Mountain Elementary,133,0.00%,0.00%,1.50%,1.50%,11.30%,0.00%,78.90%,6.80%,0.00%
Pacific Elementary,141,0.70%,0.00%,2.10%,0.00%,25.50%,0.00%,62.40%,7.10%,2.10%
Pajaro Valley Unified,"19,276",0.40%,0.20%,0.70%,0.60%,84.00%,0.10%,13.00%,0.90%,0.20%
San Lorenzo Valley Unified,"5,699",0.60%,0.20%,4.90%,1.00%,19.80%,0.30%,58.90%,8.70%,5.70%
Santa Cruz City Elementary,"1,684",1.30%,0.20%,3.70%,0.20%,41.30%,0.20%,48.10%,4.90%,0.00%
Santa Cruz City High,"4,644",1.90%,0.40%,2.90%,0.80%,38.50%,0.20%,51.20%,4.00%,0.00%
Santa Cruz County Office of Education,"1,605",0.30%,0.40%,2.70%,0.60%,39.40%,0.10%,45.20%,5.70%,5.60%
SBE - Watsonville Prep,220,0.00%,0.00%,0.00%,0.50%,97.70%,0.00%,0.90%,0.90%,0.00%
Scotts Valley Unified,"2,635",0.30%,0.30%,6.70%,1.00%,17.90%,0.10%,62.10%,11.20%,0.30%
Soquel Union Elementary,"1,745",0.80%,0.50%,1.70%,0.90%,34.00%,0.20%,56.60%,5.20%,0.10%
Anderson Union High,"1,619",0.80%,5.70%,3.40%,0.20%,19.50%,0.10%,65.40%,3.40%,1.50%
Bella Vista Elementary,337,0.00%,3.90%,1.80%,0.90%,11.90%,0.00%,76.00%,5.60%,0.00%
Black Butte Union Elementary,221,0.50%,3.60%,0.50%,0.00%,18.10%,0.50%,69.70%,5.40%,1.80%
Cascade Union Elementary,"1,294",1.50%,5.80%,3.40%,0.60%,27.40%,0.40%,54.60%,4.90%,1.40%
Castle Rock Union Elementary,55,0.00%,5.50%,1.80%,0.00%,21.80%,0.00%,65.50%,5.50%,0.00%
Columbia Elementary,"1,622",0.60%,1.80%,2.00%,0.30%,11.50%,0.20%,73.60%,8.80%,1.30%
Cottonwood Union Elementary,"1,192",0.90%,4.30%,0.60%,0.00%,14.80%,0.30%,71.10%,4.60%,3.40%
Enterprise Elementary,"3,680",1.50%,2.10%,7.40%,0.10%,18.30%,0.40%,56.00%,10.10%,4.20%
Fall River Joint Unified,"1,192",0.00%,7.70%,0.20%,0.10%,26.80%,0.30%,58.00%,5.50%,1.60%
French Gulch-Whiskeytown Elementary,30,0.00%,13.30%,0.00%,0.00%,6.70%,0.00%,70.00%,10.00%,0.00%
Gateway Unified,"2,344",1.70%,6.20%,3.20%,0.10%,16.00%,0.20%,65.40%,6.60%,0.60%
Grant Elementary,633,0.00%,1.10%,3.00%,0.00%,10.30%,0.20%,75.80%,9.50%,0.20%
Happy Valley Union Elementary,468,1.50%,5.60%,8.30%,0.00%,18.20%,0.90%,59.60%,0.60%,5.30%
"Igo, Ono, Platina Union Elementary",37,8.10%,8.10%,0.00%,0.00%,10.80%,0.00%,73.00%,0.00%,0.00%
Indian Springs Elementary,19,0.00%,0.00%,0.00%,0.00%,42.10%,0.00%,52.60%,5.30%,0.00%
Junction Elementary,336,1.20%,3.90%,1.80%,0.00%,13.10%,0.00%,77.40%,1.80%,0.90%
Millville Elementary,243,0.00%,1.20%,0.00%,0.40%,9.10%,0.00%,83.50%,4.50%,1.20%
Mountain Union Elementary,64,0.00%,25.00%,0.00%,0.00%,9.40%,0.00%,54.70%,10.90%,0.00%
North Cow Creek Elementary,244,0.00%,3.70%,2.50%,0.00%,6.60%,0.00%,77.00%,9.80%,0.40%
Oak Run Elementary,53,0.00%,0.00%,0.00%,0.00%,5.70%,0.00%,84.90%,9.40%,0.00%
Pacheco Union Elementary,634,0.00%,3.50%,1.40%,0.50%,12.80%,0.30%,75.60%,4.40%,1.60%
Redding Elementary,"3,036",2.40%,4.10%,2.60%,0.20%,17.80%,0.40%,65.10%,7.10%,0.40%
Shasta County Office of Education,843,0.10%,2.00%,0.70%,0.00%,14.00%,0.20%,66.70%,9.10%,7.10%
Shasta Union Elementary,114,1.80%,3.50%,0.00%,0.00%,13.20%,1.80%,75.40%,4.40%,0.00%
Shasta Union High,"5,471",1.30%,2.90%,4.80%,0.60%,14.40%,0.50%,68.20%,6.70%,0.70%
Whitmore Union Elementary,516,1.40%,1.60%,0.60%,0.20%,11.00%,0.00%,77.10%,4.10%,4.10%
Sierra-Plumas Joint Unified,395,0.80%,0.30%,1.00%,0.00%,17.00%,0.30%,74.40%,3.30%,3.00%
Big Springs Union Elementary,178,0.00%,2.80%,16.30%,0.00%,12.40%,0.00%,55.10%,11.20%,2.20%
Bogus Elementary,20,5.00%,10.00%,0.00%,0.00%,10.00%,0.00%,70.00%,5.00%,0.00%
Butte Valley Unified,276,0.40%,1.40%,4.00%,0.00%,54.30%,0.00%,35.50%,3.60%,0.70%
Butteville Union Elementary,165,1.20%,0.00%,0.00%,0.60%,13.90%,1.20%,71.50%,11.50%,0.00%
Delphic Elementary,59,0.00%,6.80%,0.00%,0.00%,8.50%,0.00%,59.30%,16.90%,8.50%
Dunsmuir Elementary,81,0.00%,3.70%,7.40%,0.00%,16.00%,0.00%,66.70%,6.20%,0.00%
Dunsmuir Joint Union High,54,0.00%,7.40%,1.90%,0.00%,18.50%,0.00%,59.30%,11.10%,1.90%
Forks of Salmon Elementary,8,0.00%,0.00%,0.00%,0.00%,0.00%,0.00%,75.00%,25.00%,0.00%
Gazelle Union Elementary,38,5.30%,7.90%,0.00%,0.00%,5.30%,0.00%,68.40%,7.90%,5.30%
Grenada Elementary,204,2.00%,4.90%,0.50%,0.00%,12.70%,0.00%,71.60%,7.80%,0.50%
Happy Camp Union Elementary,97,0.00%,47.40%,0.00%,0.00%,5.20%,1.00%,24.70%,21.60%,0.00%
Hornbrook Elementary,51,0.00%,5.90%,3.90%,0.00%,7.80%,0.00%,62.70%,19.60%,0.00%
Junction Elementary,18,0.00%,88.90%,0.00%,0.00%,0.00%,0.00%,5.60%,5.60%,0.00%
Klamath River Union Elementary,10,0.00%,10.00%,0.00%,0.00%,20.00%,0.00%,60.00%,10.00%,0.00%
Little Shasta Elementary,16,0.00%,0.00%,0.00%,0.00%,37.50%,0.00%,62.50%,0.00%,0.00%
McCloud Union Elementary,59,0.00%,0.00%,0.00%,0.00%,22.00%,0.00%,55.90%,22.00%,0.00%
Montague Elementary,182,0.00%,2.70%,2.20%,0.00%,12.10%,0.00%,8.20%,1.10%,73.60%
Mt. Shasta Union Elementary,480,2.90%,0.00%,1.30%,0.60%,13.10%,0.40%,78.30%,3.30%,0.00%
Scott Valley Unified,612,0.50%,9.30%,1.80%,0.00%,11.90%,0.50%,61.90%,11.30%,2.80%
Seiad Elementary,9,0.00%,0.00%,0.00%,11.10%,22.20%,0.00%,66.70%,0.00%,0.00%
Siskiyou County Office of Education,821,0.60%,3.30%,1.20%,0.10%,16.80%,0.10%,64.70%,12.90%,0.20%
Siskiyou Union High,537,2.00%,3.70%,1.90%,0.70%,17.70%,0.20%,58.30%,12.10%,3.40%
Weed Union Elementary,298,6.40%,4.40%,7.40%,0.00%,24.80%,0.30%,44.00%,12.80%,0.00%
Willow Creek Elementary,34,0.00%,8.80%,0.00%,0.00%,14.70%,0.00%,61.80%,11.80%,2.90%
Yreka Union Elementary,901,0.60%,10.80%,2.70%,0.40%,17.60%,0.30%,57.20%,10.10%,0.30%
Yreka Union High,697,0.40%,5.00%,3.00%,0.00%,17.40%,0.30%,62.70%,9.60%,1.60%
Benicia Unified,"4,526",6.40%,0.40%,4.80%,7.10%,20.30%,0.20%,44.60%,14.30%,2.10%
Dixon Unified,"3,407",2.10%,0.30%,0.90%,1.50%,58.10%,0.50%,28.40%,4.60%,3.60%
Fairfield-Suisun Unified,"20,703",13.50%,0.30%,5.80%,9.00%,45.20%,1.10%,15.60%,9.20%,0.20%
Solano County Office of Education,832,33.50%,0.70%,2.90%,4.80%,35.10%,1.30%,11.80%,4.60%,5.30%
Travis Unified,"5,284",10.90%,0.30%,4.20%,10.10%,27.10%,1.10%,31.50%,13.50%,1.40%
Vacaville Unified,"13,025",5.80%,0.40%,2.80%,3.50%,39.00%,0.60%,38.50%,9.00%,0.50%
Vallejo City Unified,"13,252",25.70%,0.30%,2.90%,13.80%,45.40%,1.90%,6.50%,2.80%,0.50%
Alexander Valley Union Elementary,115,1.70%,0.00%,0.00%,0.00%,33.90%,0.00%,64.30%,0.00%,0.00%
Bellevue Union,"1,544",1.20%,1.00%,2.00%,0.10%,86.50%,0.60%,7.30%,1.00%,0.40%
Bennett Valley Union Elementary,989,1.80%,0.40%,4.60%,1.10%,23.60%,1.10%,58.90%,8.50%,0.00%
Cinnabar Elementary,251,2.40%,0.00%,0.00%,0.00%,70.50%,0.80%,23.90%,2.40%,0.00%
Cloverdale Unified,"1,350",0.20%,2.90%,0.90%,0.00%,60.50%,0.00%,32.10%,2.50%,0.90%
Cotati-Rohnert Park Unified,"6,111",1.80%,0.70%,2.90%,1.00%,41.60%,0.40%,40.50%,6.80%,4.30%
Dunham Elementary,156,0.00%,0.00%,0.60%,0.00%,18.60%,0.00%,73.10%,6.40%,1.30%
Forestville Union Elementary,267,0.40%,0.00%,0.00%,0.00%,33.30%,0.00%,61.40%,4.90%,0.00%
Fort Ross Elementary,11,0.00%,0.00%,0.00%,0.00%,27.30%,0.00%,45.50%,27.30%,0.00%
Geyserville Unified,209,0.50%,0.00%,0.50%,0.00%,63.60%,0.00%,31.60%,3.80%,0.00%
Gravenstein Union Elementary,757,0.70%,0.40%,3.70%,0.10%,22.10%,0.70%,59.60%,11.50%,1.30%
Guerneville Elementary,460,4.80%,2.40%,1.10%,0.20%,26.30%,0.00%,56.10%,6.10%,3.00%
Harmony Union Elementary,617,1.50%,0.30%,1.10%,1.50%,27.20%,0.00%,56.40%,11.20%,0.80%
Healdsburg Unified,"1,317",0.40%,0.90%,0.90%,0.20%,63.20%,0.20%,33.50%,0.80%,0.00%
Horicon Elementary,59,0.00%,0.00%,0.00%,0.00%,59.30%,0.00%,35.60%,5.10%,0.00%
Kashia Elementary,16,0.00%,100.00%,0.00%,0.00%,0.00%,0.00%,0.00%,0.00%,0.00%
Kenwood,131,0.00%,0.00%,0.80%,0.00%,14.50%,0.00%,69.50%,9.90%,5.30%
Liberty Elementary,"1,486",9.80%,0.90%,3.40%,4.10%,22.60%,1.10%,51.00%,6.80%,0.20%
Mark West Union Elementary,"1,298",0.60%,1.00%,2.90%,1.10%,30.30%,0.90%,57.50%,5.60%,0.10%
Monte Rio Union Elementary,62,0.00%,0.00%,0.00%,0.00%,17.70%,0.00%,58.10%,22.60%,1.60%
Montgomery Elementary,22,0.00%,0.00%,0.00%,0.00%,9.10%,0.00%,90.90%,0.00%,0.00%
Oak Grove Union Elementary,"1,293",1.30%,0.80%,1.90%,0.40%,32.60%,0.20%,55.50%,6.70%,0.60%
Old Adobe Union,"2,058",1.30%,0.20%,2.20%,0.60%,40.80%,0.00%,50.30%,4.30%,0.10%
Petaluma City Elementary,"2,424",0.90%,0.90%,1.80%,0.60%,28.50%,0.30%,59.60%,7.10%,0.20%
Petaluma Joint Union High,"5,233",1.40%,0.60%,3.00%,0.70%,34.80%,0.30%,54.40%,4.80%,0.10%
Piner-Olivet Union Elementary,"1,240",2.60%,1.00%,7.10%,2.40%,45.20%,0.50%,34.90%,5.70%,0.50%
Rincon Valley Union Elementary,"3,096",2.80%,1.60%,5.70%,1.20%,29.50%,1.30%,52.70%,4.00%,1.30%
Roseland,"2,873",0.60%,0.50%,1.00%,0.20%,94.10%,0.00%,2.40%,1.00%,0.20%
Santa Rosa Elementary,"4,651",1.70%,0.60%,3.50%,0.70%,63.20%,0.30%,25.80%,4.10%,0.00%
Santa Rosa High,"10,821",1.90%,0.80%,5.30%,1.10%,52.90%,0.70%,32.50%,4.80%,0.00%
Sebastopol Union Elementary,817,1.10%,0.90%,0.90%,0.70%,24.00%,0.00%,63.40%,8.10%,1.00%
Sonoma County Office of Education,411,4.40%,0.70%,2.20%,0.70%,48.90%,0.70%,39.20%,3.20%,0.00%
Sonoma Valley Unified,"3,950",0.50%,0.40%,1.40%,0.50%,60.30%,0.20%,33.70%,1.60%,1.50%
Twin Hills Union Elementary,"1,101",0.30%,0.50%,1.30%,0.50%,18.30%,0.10%,70.80%,8.30%,0.00%
Two Rock Union,123,1.60%,0.00%,0.80%,0.00%,52.00%,0.00%,39.00%,5.70%,0.80%
Waugh Elementary,808,0.90%,0.00%,5.10%,1.20%,20.80%,0.60%,61.50%,8.90%,1.00%
West Side Union Elementary,157,0.00%,0.60%,0.00%,0.00%,35.00%,0.00%,59.20%,5.10%,0.00%
West Sonoma County Union High,"1,851",1.70%,1.40%,2.70%,0.50%,25.30%,0.10%,64.20%,4.20%,0.00%
Wilmar Union Elementary,217,1.40%,0.90%,0.90%,0.50%,15.70%,0.50%,78.30%,0.90%,0.90%
Windsor Unified,"4,790",0.60%,0.70%,1.60%,0.40%,55.10%,0.30%,37.70%,3.50%,0.10%
Wright Elementary,"1,308",2.80%,0.80%,7.20%,1.00%,65.40%,0.80%,17.30%,4.90%,0.00%
Ceres Unified,"14,667",1.60%,0.40%,4.90%,0.50%,78.80%,0.60%,12.20%,0.80%,0.20%
Chatom Union,573,0.20%,0.30%,0.30%,0.00%,62.70%,0.00%,34.40%,1.90%,0.20%
Denair Unified,"1,318",0.80%,12.00%,0.70%,0.30%,22.50%,0.10%,58.60%,2.40%,2.70%
Empire Union Elementary,"2,866",3.80%,0.20%,3.70%,0.70%,65.80%,0.90%,20.60%,3.40%,0.90%
Gratton Elementary,143,1.40%,1.40%,0.70%,1.40%,16.10%,0.00%,79.00%,0.00%,0.00%
Hart-Ransom Union Elementary,"1,208",1.30%,0.20%,3.90%,2.60%,46.50%,0.20%,41.10%,2.60%,1.70%
Hickman Community Charter,"1,059",2.00%,0.80%,2.50%,0.30%,28.70%,0.50%,60.20%,3.20%,1.80%
Hughson Unified,"2,058",0.40%,0.50%,1.20%,0.00%,55.20%,0.30%,41.80%,0.30%,0.30%
Keyes Union,"1,103",0.50%,0.80%,4.80%,0.10%,66.00%,0.10%,26.30%,0.80%,0.60%
Knights Ferry Elementary,144,0.70%,0.00%,0.00%,0.00%,13.20%,0.00%,63.90%,1.40%,20.80%
Modesto City Elementary,"15,275",2.30%,0.30%,4.00%,0.40%,69.00%,0.60%,15.60%,4.30%,3.50%
Modesto City High,"15,957",2.70%,0.30%,5.10%,1.50%,60.50%,0.70%,21.90%,4.70%,2.60%
Newman-Crows Landing Unified,"3,213",1.60%,0.20%,0.60%,0.80%,78.80%,0.20%,15.20%,2.60%,0.00%
Oakdale Joint Unified,"5,282",0.50%,0.60%,1.00%,0.50%,38.90%,0.20%,54.80%,3.30%,0.10%
Paradise Elementary,191,0.50%,0.00%,0.00%,1.60%,63.90%,0.00%,11.00%,0.00%,23.00%
Patterson Joint Unified,"6,012",4.80%,0.50%,2.40%,1.60%,76.00%,1.80%,9.90%,1.40%,1.60%
Riverbank Unified,"2,940",1.10%,0.40%,0.80%,0.20%,82.30%,0.10%,13.50%,0.40%,1.00%
Roberts Ferry Union Elementary,171,0.00%,0.00%,0.00%,0.00%,40.90%,0.00%,44.40%,2.90%,11.70%
Salida Union Elementary,"3,059",2.90%,0.10%,3.50%,1.30%,61.90%,0.90%,23.50%,3.60%,2.30%
Shiloh Elementary,182,0.00%,0.00%,0.50%,0.00%,59.90%,0.00%,30.80%,0.00%,8.80%
Stanislaus County Office of Education,"2,486",4.70%,0.90%,2.60%,0.70%,53.90%,0.60%,32.00%,3.10%,1.40%
Stanislaus Union Elementary,"3,431",4.60%,0.80%,13.30%,0.50%,51.80%,1.60%,20.40%,2.30%,4.80%
Sylvan Union Elementary,"7,913",3.30%,0.40%,6.80%,2.70%,45.70%,1.20%,32.20%,5.30%,2.40%
Turlock Unified,"13,925",2.00%,0.60%,5.60%,0.10%,59.20%,0.50%,29.40%,1.30%,1.30%
Valley Home Joint Elementary,145,0.70%,0.70%,0.70%,0.00%,35.90%,0.00%,55.90%,2.80%,3.40%
Waterford Unified,"2,878",1.70%,0.50%,3.20%,0.30%,54.60%,0.10%,35.40%,3.40%,0.70%
Brittan Elementary,427,0.00%,0.20%,0.20%,0.00%,23.40%,0.00%,69.60%,6.60%,0.00%
Browns Elementary,128,0.80%,0.00%,6.30%,0.00%,32.00%,1.60%,46.10%,13.30%,0.00%
East Nicolaus Joint Union High,309,1.30%,1.00%,3.60%,0.30%,18.80%,1.00%,65.70%,4.50%,3.90%
Franklin Elementary,464,0.40%,1.30%,10.80%,0.00%,23.10%,0.20%,55.00%,8.40%,0.90%
Live Oak Unified,"1,902",0.80%,0.90%,10.90%,0.20%,58.90%,0.40%,26.80%,1.10%,0.00%
Marcum-Illinois Union Elementary,"2,809",2.10%,0.50%,2.00%,0.70%,16.70%,0.40%,61.60%,7.80%,8.30%
Meridian Elementary,"1,483",15.80%,1.80%,5.30%,2.10%,24.70%,1.50%,43.40%,5.30%,0.00%
Nuestro Elementary,762,2.60%,1.20%,5.90%,1.00%,19.30%,0.70%,63.90%,5.40%,0.00%
Pleasant Grove Joint Union,159,1.30%,0.00%,1.90%,0.00%,18.90%,2.50%,75.50%,0.00%,0.00%
Sutter County Office of Education,487,1.60%,0.80%,8.60%,0.20%,40.90%,0.20%,38.00%,4.70%,4.90%
Sutter Union High,808,0.20%,1.60%,2.80%,0.10%,27.50%,0.10%,61.90%,5.70%,0.00%
Winship-Robbins,"1,243",2.50%,0.30%,2.20%,0.60%,23.10%,0.20%,62.60%,7.00%,1.50%
Yuba City Unified,"12,714",1.70%,0.60%,19.80%,0.50%,46.40%,0.30%,24.90%,4.90%,0.80%
Antelope Elementary,817,0.90%,2.30%,0.60%,0.20%,23.10%,0.40%,69.00%,3.10%,0.40%
Corning Union Elementary,"1,986",0.80%,1.50%,1.40%,0.20%,70.60%,0.10%,25.00%,0.50%,0.00%
Corning Union High,"1,093",0.50%,1.60%,1.60%,0.40%,62.20%,0.10%,30.30%,1.30%,2.00%
Evergreen Union,"1,175",0.30%,2.10%,1.10%,0.20%,16.60%,0.10%,74.20%,5.40%,0.00%
Flournoy Union Elementary,42,0.00%,0.00%,0.00%,0.00%,16.70%,0.00%,78.60%,4.80%,0.00%
Gerber Union Elementary,382,0.80%,2.60%,0.50%,0.00%,69.60%,0.00%,23.80%,2.40%,0.30%
Kirkwood Elementary,100,0.00%,0.00%,0.00%,0.00%,26.00%,1.00%,71.00%,2.00%,0.00%
Lassen View Union Elementary,355,0.30%,0.80%,0.00%,0.00%,20.60%,0.00%,77.20%,1.10%,0.00%
Los Molinos Unified,556,0.40%,1.80%,1.10%,0.00%,52.00%,0.00%,40.10%,4.00%,0.70%
Red Bluff Joint Union High,"1,798",0.90%,2.80%,0.80%,0.10%,34.10%,0.20%,57.10%,4.00%,0.10%
Red Bluff Union Elementary,"1,849",1.40%,2.70%,1.30%,0.20%,40.40%,0.40%,49.70%,3.80%,0.10%
Reeds Creek Elementary,201,0.50%,2.50%,1.00%,0.00%,12.90%,1.50%,77.60%,4.00%,0.00%
Richfield Elementary,234,0.00%,0.40%,0.90%,0.40%,44.00%,0.00%,52.10%,2.10%,0.00%
Tehama County Department of Education,238,1.30%,4.60%,0.40%,0.00%,19.30%,0.40%,59.70%,5.50%,8.80%
Burnt Ranch Elementary,67,1.50%,19.40%,1.50%,0.00%,20.90%,0.00%,49.30%,7.50%,0.00%
Coffee Creek Elementary,8,0.00%,0.00%,0.00%,0.00%,0.00%,0.00%,87.50%,12.50%,0.00%
Douglas City Elementary,171,0.00%,1.80%,7.00%,0.00%,14.00%,0.00%,69.60%,7.60%,0.00%
Junction City Elementary,71,0.00%,2.80%,0.00%,0.00%,9.90%,0.00%,70.40%,14.10%,2.80%
Lewiston Elementary,72,1.40%,4.20%,5.60%,0.00%,5.60%,0.00%,75.00%,4.20%,4.20%
Mountain Valley Unified,308,0.00%,2.30%,23.70%,0.00%,9.40%,0.00%,55.20%,9.40%,0.00%
Southern Trinity Joint Unified,86,0.00%,5.80%,0.00%,0.00%,18.60%,0.00%,66.30%,9.30%,0.00%
Trinity Alps Unified,695,0.00%,5.60%,0.70%,0.00%,8.50%,0.30%,73.50%,8.60%,2.70%
Trinity Center Elementary,18,0.00%,0.00%,0.00%,0.00%,0.00%,0.00%,100.00%,0.00%,0.00%
Trinity County Office of Education,89,1.10%,10.10%,1.10%,0.00%,16.90%,0.00%,61.80%,9.00%,0.00%
Allensworth Elementary,67,0.00%,0.00%,0.00%,0.00%,100.00%,0.00%,0.00%,0.00%,0.00%
Alpaugh Unified,955,2.90%,0.10%,1.20%,0.30%,58.70%,0.10%,28.80%,7.90%,0.00%
Alta Vista Elementary,"1,444",1.10%,0.80%,1.10%,0.10%,48.80%,0.60%,41.10%,4.20%,2.20%
Buena Vista Elementary,203,2.00%,0.00%,0.00%,0.00%,70.40%,0.00%,26.10%,1.00%,0.50%
Burton Elementary,"4,840",0.40%,1.20%,1.90%,2.10%,74.90%,0.20%,15.20%,1.40%,2.60%
Columbine Elementary,186,0.00%,0.00%,4.30%,2.70%,88.20%,0.00%,3.20%,1.60%,0.00%
Cutler-Orosi Joint Unified,"4,007",0.00%,0.10%,0.10%,2.70%,95.90%,0.00%,1.00%,0.00%,0.00%
Dinuba Unified,"6,640",0.40%,0.40%,1.10%,0.70%,93.70%,0.10%,3.70%,0.00%,0.00%
Ducor Union Elementary,142,0.00%,0.70%,0.00%,0.00%,93.70%,0.00%,5.60%,0.00%,0.00%
Earlimart Elementary,"1,581",0.20%,0.00%,0.30%,1.50%,97.00%,0.00%,0.40%,0.00%,0.60%
Exeter Unified,"2,637",0.60%,0.60%,0.30%,0.20%,65.00%,0.10%,32.70%,0.40%,0.20%
Farmersville Unified,"2,484",0.20%,0.20%,0.50%,0.00%,95.80%,0.00%,0.80%,0.00%,2.40%
Hope Elementary,239,0.00%,0.40%,0.80%,0.00%,65.30%,0.00%,31.40%,0.80%,1.30%
Hot Springs Elementary,20,0.00%,0.00%,0.00%,0.00%,25.00%,0.00%,65.00%,5.00%,5.00%
Kings River Union Elementary,397,0.00%,0.00%,0.00%,0.00%,94.20%,0.00%,5.50%,0.30%,0.00%
Liberty Elementary,677,1.80%,0.40%,0.70%,0.00%,59.80%,0.00%,34.70%,2.20%,0.30%
Lindsay Unified,"4,067",0.20%,0.20%,0.90%,0.00%,94.80%,0.10%,3.00%,0.10%,0.60%
Monson-Sultana Joint Union Elementary,443,0.00%,0.00%,0.00%,0.00%,95.30%,0.00%,4.30%,0.50%,0.00%
Oak Valley Union Elementary,576,0.90%,1.70%,0.00%,0.30%,76.00%,0.00%,20.70%,0.00%,0.30%
Outside Creek Elementary,119,0.00%,0.00%,0.00%,0.00%,84.00%,0.00%,14.30%,0.80%,0.80%
Palo Verde Union Elementary,523,0.40%,1.00%,0.40%,0.00%,89.10%,0.20%,7.60%,0.40%,1.00%
Pixley Union Elementary,886,1.40%,0.00%,0.60%,0.00%,95.60%,0.00%,2.10%,0.10%,0.20%
Pleasant View Elementary,439,0.00%,0.90%,0.00%,5.90%,89.50%,0.00%,3.60%,0.00%,0.00%
Porterville Unified,"14,372",0.30%,2.10%,1.40%,0.80%,82.50%,0.40%,10.70%,1.00%,0.80%
Richgrove Elementary,557,0.00%,0.20%,1.40%,1.40%,96.80%,0.00%,0.20%,0.00%,0.00%
Rockford Elementary,320,0.30%,0.00%,0.00%,3.40%,53.80%,0.00%,40.00%,2.20%,0.30%
Saucelito Elementary,77,2.60%,1.30%,1.30%,0.00%,71.40%,0.00%,23.40%,0.00%,0.00%
Sequoia Union Elementary,340,0.00%,1.20%,2.10%,0.30%,11.80%,0.00%,70.60%,1.20%,12.90%
Springville Union Elementary,283,0.00%,3.50%,0.70%,0.40%,26.10%,0.00%,66.10%,3.20%,0.00%
Stone Corral Elementary,687,2.20%,1.00%,1.70%,0.00%,80.20%,0.30%,11.60%,2.60%,0.30%
Strathmore Union Elementary,718,0.00%,1.30%,0.30%,0.00%,91.60%,0.00%,6.40%,0.40%,0.00%
Sundale Union Elementary,756,0.30%,0.70%,0.70%,0.00%,47.20%,0.10%,48.80%,2.10%,0.10%
Sunnyside Union Elementary,354,0.00%,0.00%,0.30%,0.00%,86.70%,0.00%,12.70%,0.30%,0.00%
Terra Bella Union Elementary,814,0.20%,0.20%,0.70%,0.60%,95.50%,0.00%,2.70%,0.00%,0.00%
Three Rivers Union Elementary,104,0.00%,1.00%,1.00%,0.00%,25.00%,0.00%,62.50%,8.70%,1.90%
Tipton Elementary,527,0.40%,0.00%,0.90%,0.00%,93.70%,0.00%,4.70%,0.20%,0.00%
Traver Joint Elementary,226,0.00%,0.00%,1.80%,0.00%,96.90%,0.00%,0.40%,0.90%,0.00%
Tulare City,"9,319",2.60%,0.40%,1.70%,0.40%,79.50%,0.10%,13.90%,1.30%,0.10%
Tulare County Office of Education,"3,267",1.20%,0.40%,1.50%,0.50%,58.00%,0.20%,34.60%,3.30%,0.40%
Tulare Joint Union High,"5,700",2.40%,0.30%,1.30%,0.40%,78.10%,0.20%,16.30%,0.50%,0.50%
Visalia Unified,"28,884",1.40%,0.50%,4.10%,0.80%,69.70%,0.20%,18.10%,2.60%,2.80%
Waukena Joint Union Elementary,224,0.00%,0.00%,0.00%,0.00%,90.20%,0.00%,7.60%,2.20%,0.00%
Woodlake Unified,"2,069",0.40%,0.40%,0.70%,0.00%,91.20%,0.00%,7.20%,0.10%,0.00%
Woodville Union Elementary,422,0.00%,0.00%,0.00%,0.00%,99.30%,0.00%,0.70%,0.00%,0.00%
Belleview Elementary,164,0.00%,1.80%,0.00%,1.20%,17.70%,1.20%,69.50%,8.50%,0.00%
Big Oak Flat-Groveland Unified,278,1.80%,3.20%,1.10%,0.40%,14.70%,0.00%,75.50%,0.40%,2.90%
Columbia Union,433,2.10%,2.80%,0.50%,1.40%,19.90%,0.50%,65.60%,1.60%,5.80%
Curtis Creek Elementary,431,0.70%,1.90%,0.50%,0.50%,19.50%,0.50%,72.20%,1.90%,2.60%
Jamestown Elementary,340,0.90%,2.90%,0.60%,0.00%,28.20%,1.20%,58.80%,4.10%,3.20%
Sonora Elementary,698,0.10%,2.00%,2.40%,1.00%,17.60%,0.30%,72.10%,3.90%,0.60%
Sonora Union High,"1,022",0.20%,1.00%,1.40%,1.70%,20.20%,0.40%,69.80%,5.00%,0.50%
Soulsbyville Elementary,476,0.60%,1.10%,0.00%,0.00%,15.50%,0.00%,76.90%,5.90%,0.00%
Summerville Elementary,385,0.00%,9.40%,0.00%,0.00%,15.60%,0.00%,63.10%,9.90%,2.10%
Summerville Union High,"1,102",0.90%,2.10%,0.30%,0.30%,16.00%,0.40%,73.20%,6.80%,0.10%
Tuolumne County Superintendent of Schools,104,0.00%,5.80%,1.00%,0.00%,15.40%,0.00%,71.20%,6.70%,0.00%
Twain Harte,253,0.00%,0.00%,0.80%,0.00%,18.20%,1.60%,75.50%,4.00%,0.00%
Briggs Elementary,499,0.00%,0.00%,0.00%,0.20%,98.00%,0.20%,1.20%,0.40%,0.00%
Conejo Valley Unified,"17,397",1.40%,0.30%,9.00%,1.20%,29.30%,0.30%,52.70%,5.80%,0.00%
Fillmore Unified,"3,626",0.20%,0.30%,0.30%,0.40%,92.60%,0.00%,5.70%,0.70%,0.00%
Hueneme Elementary,"7,544",1.10%,0.50%,0.50%,2.70%,83.90%,0.30%,8.90%,2.00%,0.00%
Mesa Union Elementary,"1,089",1.70%,0.10%,3.30%,1.70%,53.80%,0.00%,31.90%,6.60%,0.90%
Moorpark Unified,"5,923",0.70%,0.10%,4.90%,1.00%,50.30%,0.00%,37.90%,5.00%,0.00%
Mupu Elementary,159,0.00%,0.00%,0.00%,0.00%,69.20%,0.00%,28.90%,1.90%,0.00%
Oak Park Unified,"4,355",1.80%,0.20%,25.50%,1.80%,10.40%,0.10%,53.20%,7.00%,0.00%
Ocean View,"2,288",1.40%,0.10%,0.40%,2.60%,89.40%,0.00%,4.60%,1.50%,0.00%
Ojai Unified,"2,397",0.80%,0.20%,1.40%,0.50%,38.00%,0.10%,55.20%,3.80%,0.00%
Oxnard,"15,132",0.90%,0.10%,0.70%,1.30%,93.20%,0.20%,3.00%,0.80%,0.00%
Oxnard Union High,"18,137",1.20%,0.10%,2.10%,3.30%,79.00%,0.20%,11.50%,2.60%,0.00%
Pleasant Valley,"6,802",3.60%,0.40%,5.50%,3.60%,41.70%,0.30%,38.10%,6.10%,0.70%
Rio Elementary,"5,208",1.20%,0.10%,1.40%,3.30%,85.90%,0.20%,6.30%,1.80%,0.00%
Santa Clara Elementary,55,0.00%,0.00%,0.00%,0.00%,63.60%,0.00%,27.30%,9.10%,0.00%
Santa Paula Unified,"5,081",0.20%,0.10%,0.10%,0.10%,95.80%,0.10%,3.40%,0.20%,0.00%
Simi Valley Unified,"15,951",1.10%,0.10%,8.00%,2.10%,40.00%,0.10%,43.60%,4.70%,0.30%
Somis Union,230,0.00%,0.00%,0.00%,0.90%,70.40%,0.00%,26.50%,2.20%,0.00%
Ventura County Office of Education,"3,737",0.90%,0.40%,2.10%,1.00%,51.20%,0.10%,38.60%,5.00%,0.60%
Ventura Unified,"15,871",1.10%,0.20%,2.70%,0.70%,54.90%,0.10%,36.20%,4.00%,0.00%
Davis Joint Unified,"8,229",2.90%,0.40%,15.50%,1.00%,22.70%,0.30%,49.00%,7.50%,0.60%
Esparto Unified,934,3.00%,1.40%,0.60%,0.50%,75.80%,0.00%,16.80%,1.80%,0.00%
Washington Unified,"8,292",5.00%,0.60%,13.90%,2.00%,44.20%,1.20%,27.30%,4.80%,1.10%
Winters Joint Unified,"2,148",1.40%,0.10%,1.10%,0.80%,54.60%,0.00%,37.80%,2.70%,1.40%
Woodland Joint Unified,"9,658",1.30%,0.50%,5.40%,0.70%,69.50%,0.40%,18.80%,2.40%,1.00%
Yolo County Office of Education,578,2.60%,0.30%,2.10%,0.90%,20.10%,0.20%,73.00%,0.90%,0.00%
Camptonville Elementary,572,2.60%,1.70%,1.60%,0.00%,18.40%,0.00%,64.20%,10.00%,1.60%
Marysville Joint Unified,"9,930",3.70%,1.80%,8.80%,0.50%,45.20%,0.30%,34.00%,4.60%,1.00%
Plumas Lake Elementary,"1,348",3.50%,0.40%,5.60%,1.40%,29.60%,0.40%,48.20%,10.50%,0.40%
Wheatland,"1,278",3.10%,0.50%,1.40%,1.30%,27.50%,0.90%,51.60%,12.60%,1.00%
Wheatland Union High,932,3.40%,1.20%,3.50%,1.30%,29.60%,1.20%,45.90%,8.30%,5.60%
Yuba County Office of Education,654,2.40%,2.90%,2.30%,0.00%,36.50%,0.60%,45.60%,8.10%,1.50%